{
	"credit": "Made with Blockbench by Pinkessi",
	"textures": {
		"0": "custom/bunsy-2_copy_6",
		"1": "custom/bunsy-2_copy_4",
		"particle": "custom/bunsy-2_copy_6"
	},
	"elements": [
		{
			"from": [6, 0, 1],
			"to": [10, 1, 6],
			"faces": {
				"north": {"uv": [8, 10.28571, 12, 11.28571], "texture": "#0"},
				"east": {"uv": [8, 10.28571, 10, 11.28571], "texture": "#0"},
				"south": {"uv": [8, 10.28571, 10, 11.28571], "texture": "#0"},
				"west": {"uv": [8, 10.28571, 10, 11.28571], "texture": "#0"},
				"up": {"uv": [5.71429, 1.14286, 10.28571, 6.85714], "texture": "#0"},
				"down": {"uv": [12, 5.71429, 8, 10.71429], "texture": "#1"}
			}
		},
		{
			"from": [6, 1, 2],
			"to": [10, 2, 6],
			"faces": {
				"north": {"uv": [8, 10.28571, 12, 11.28571], "texture": "#0"},
				"east": {"uv": [8, 10.28571, 10, 11.28571], "texture": "#0"},
				"south": {"uv": [8, 10.28571, 10, 11.28571], "texture": "#0"},
				"west": {"uv": [8, 10.28571, 10, 11.28571], "texture": "#0"},
				"up": {"uv": [5.71429, 1.14286, 10.28571, 6.85714], "texture": "#0"},
				"down": {"uv": [12, 5.71429, 8, 10.71429], "texture": "#1"}
			}
		},
		{
			"from": [1, 0, 6],
			"to": [6, 1, 10],
			"faces": {
				"north": {"uv": [8, 10.28571, 13, 11.28571], "texture": "#0"},
				"east": {"uv": [8, 10.28571, 10, 11.28571], "texture": "#0"},
				"south": {"uv": [8, 10.28571, 10, 11.28571], "texture": "#0"},
				"west": {"uv": [8, 10.28571, 10, 11.28571], "texture": "#0"},
				"up": {"uv": [1.14286, 5.71429, 6.85714, 10.28571], "texture": "#0"},
				"down": {"uv": [13, 5.71429, 8, 9.71429], "texture": "#1"}
			}
		},
		{
			"from": [2, 1, 6],
			"to": [6, 2, 10],
			"faces": {
				"north": {"uv": [8, 10.28571, 13, 11.28571], "texture": "#0"},
				"east": {"uv": [8, 10.28571, 10, 11.28571], "texture": "#0"},
				"south": {"uv": [8, 10.28571, 10, 11.28571], "texture": "#0"},
				"west": {"uv": [8, 10.28571, 10, 11.28571], "texture": "#0"},
				"up": {"uv": [1.14286, 5.71429, 6.85714, 10.28571], "texture": "#0"},
				"down": {"uv": [13, 5.71429, 8, 9.71429], "texture": "#1"}
			}
		},
		{
			"from": [10, 0, 6],
			"to": [15, 1, 10],
			"faces": {
				"north": {"uv": [8, 10.28571, 13, 11.28571], "texture": "#0"},
				"east": {"uv": [8, 10.28571, 10, 11.28571], "texture": "#0"},
				"south": {"uv": [8, 10.28571, 10, 11.28571], "texture": "#0"},
				"west": {"uv": [8, 10.28571, 10, 11.28571], "texture": "#0"},
				"up": {"uv": [9.14286, 5.71429, 14.85714, 10.28571], "texture": "#0"},
				"down": {"uv": [13, 5.71429, 8, 9.71429], "texture": "#1"}
			}
		},
		{
			"from": [10, 1, 6],
			"to": [14, 2, 10],
			"faces": {
				"north": {"uv": [8, 10.28571, 13, 11.28571], "texture": "#0"},
				"east": {"uv": [8, 10.28571, 10, 11.28571], "texture": "#0"},
				"south": {"uv": [8, 10.28571, 10, 11.28571], "texture": "#0"},
				"west": {"uv": [8, 10.28571, 10, 11.28571], "texture": "#0"},
				"up": {"uv": [9.14286, 5.71429, 14.85714, 10.28571], "texture": "#0"},
				"down": {"uv": [13, 5.71429, 8, 9.71429], "texture": "#1"}
			}
		},
		{
			"from": [10, 0, 2],
			"to": [12, 1, 6],
			"faces": {
				"north": {"uv": [8, 10.28571, 10, 11.28571], "texture": "#0"},
				"east": {"uv": [8, 10.28571, 10, 11.28571], "texture": "#0"},
				"south": {"uv": [8, 10.28571, 10, 11.28571], "texture": "#0"},
				"west": {"uv": [8, 10.28571, 10, 11.28571], "texture": "#0"},
				"up": {"uv": [10.28571, 2.28571, 12.57143, 6.85714], "texture": "#0"},
				"down": {"uv": [10, 5.71429, 8, 9.71429], "texture": "#1"}
			}
		},
		{
			"from": [12, 0, 4],
			"to": [14, 1, 6],
			"faces": {
				"north": {"uv": [8, 10.28571, 10, 11.28571], "texture": "#0"},
				"east": {"uv": [8, 10.28571, 10, 11.28571], "texture": "#0"},
				"south": {"uv": [8, 10.28571, 10, 11.28571], "texture": "#0"},
				"west": {"uv": [8, 10.28571, 10, 11.28571], "texture": "#0"},
				"up": {"uv": [11.42857, 3.42857, 13.42857, 5.42857], "texture": "#0"},
				"down": {"uv": [10, 5.71429, 8, 7.71429], "texture": "#1"}
			}
		},
		{
			"from": [10, 1, 4],
			"to": [12, 2, 6],
			"faces": {
				"north": {"uv": [8, 10.28571, 10, 11.28571], "texture": "#0"},
				"east": {"uv": [8, 10.28571, 10, 11.28571], "texture": "#0"},
				"south": {"uv": [8, 10.28571, 10, 11.28571], "texture": "#0"},
				"west": {"uv": [8, 10.28571, 10, 11.28571], "texture": "#0"},
				"up": {"uv": [11.42857, 3.42857, 13.42857, 5.42857], "texture": "#0"},
				"down": {"uv": [10, 5.71429, 8, 7.71429], "texture": "#1"}
			}
		},
		{
			"from": [12, 0, 3],
			"to": [13, 1, 4],
			"faces": {
				"north": {"uv": [8, 10.28571, 9, 11.28571], "texture": "#0"},
				"east": {"uv": [8, 10.28571, 10, 11.28571], "texture": "#0"},
				"south": {"uv": [8, 10.28571, 10, 11.28571], "texture": "#0"},
				"west": {"uv": [8, 10.28571, 10, 11.28571], "texture": "#0"},
				"up": {"uv": [12.42857, 4.42857, 11.42857, 3.42857], "texture": "#0"},
				"down": {"uv": [9, 5.71429, 8, 6.71429], "texture": "#1"}
			}
		},
		{
			"from": [12, 1, 4],
			"to": [13, 2, 6],
			"faces": {
				"north": {"uv": [8, 10.28571, 9, 11.28571], "texture": "#0"},
				"east": {"uv": [8, 10.28571, 10, 11.28571], "texture": "#0"},
				"south": {"uv": [8, 10.28571, 10, 11.28571], "texture": "#0"},
				"west": {"uv": [8, 10.28571, 10, 11.28571], "texture": "#0"},
				"up": {"uv": [12.42857, 4.42857, 11.42857, 3.42857], "texture": "#0"},
				"down": {"uv": [9, 5.71429, 8, 6.71429], "texture": "#1"}
			}
		},
		{
			"from": [12, 0, 12],
			"to": [13, 1, 13],
			"faces": {
				"north": {"uv": [8, 10.28571, 9, 11.28571], "texture": "#0"},
				"east": {"uv": [8, 10.28571, 10, 11.28571], "texture": "#0"},
				"south": {"uv": [8, 10.28571, 10, 11.28571], "texture": "#0"},
				"west": {"uv": [8, 10.28571, 10, 11.28571], "texture": "#0"},
				"up": {"uv": [13.57143, 12.42857, 12.57143, 11.42857], "texture": "#0"},
				"down": {"uv": [9, 5.71429, 8, 6.71429], "texture": "#1"}
			}
		},
		{
			"from": [12, 1, 10],
			"to": [13, 2, 12],
			"faces": {
				"north": {"uv": [8, 10.28571, 9, 11.28571], "texture": "#0"},
				"east": {"uv": [8, 10.28571, 10, 11.28571], "texture": "#0"},
				"south": {"uv": [8, 10.28571, 10, 11.28571], "texture": "#0"},
				"west": {"uv": [8, 10.28571, 10, 11.28571], "texture": "#0"},
				"up": {"uv": [13.57143, 12.42857, 12.57143, 11.42857], "texture": "#0"},
				"down": {"uv": [9, 5.71429, 8, 6.71429], "texture": "#1"}
			}
		},
		{
			"from": [10, 1, 12],
			"to": [12, 2, 13],
			"faces": {
				"north": {"uv": [8, 10.28571, 9, 11.28571], "texture": "#0"},
				"east": {"uv": [8, 10.28571, 10, 11.28571], "texture": "#0"},
				"south": {"uv": [8, 10.28571, 10, 11.28571], "texture": "#0"},
				"west": {"uv": [8, 10.28571, 10, 11.28571], "texture": "#0"},
				"up": {"uv": [13.57143, 12.42857, 12.57143, 11.42857], "texture": "#0"},
				"down": {"uv": [9, 5.71429, 8, 6.71429], "texture": "#1"}
			}
		},
		{
			"from": [10, 1, 3],
			"to": [12, 2, 4],
			"faces": {
				"north": {"uv": [8, 10.28571, 9, 11.28571], "texture": "#0"},
				"east": {"uv": [8, 10.28571, 10, 11.28571], "texture": "#0"},
				"south": {"uv": [8, 10.28571, 10, 11.28571], "texture": "#0"},
				"west": {"uv": [8, 10.28571, 10, 11.28571], "texture": "#0"},
				"up": {"uv": [13.57143, 12.42857, 12.57143, 11.42857], "texture": "#0"},
				"down": {"uv": [9, 5.71429, 8, 6.71429], "texture": "#1"}
			}
		},
		{
			"from": [10, 0, 10],
			"to": [12, 1, 14],
			"faces": {
				"north": {"uv": [8, 10.28571, 10, 11.28571], "texture": "#0"},
				"east": {"uv": [8, 10.28571, 10, 11.28571], "texture": "#0"},
				"south": {"uv": [8, 10.28571, 10, 11.28571], "texture": "#0"},
				"west": {"uv": [8, 10.28571, 10, 11.28571], "texture": "#0"},
				"up": {"uv": [10.28571, 9.14286, 12.57143, 13.71429], "texture": "#0"},
				"down": {"uv": [10, 5.71429, 8, 9.71429], "texture": "#1"}
			}
		},
		{
			"from": [12, 0, 10],
			"to": [14, 1, 12],
			"faces": {
				"north": {"uv": [8, 10.28571, 10, 11.28571], "texture": "#0"},
				"east": {"uv": [8, 10.28571, 10, 11.28571], "texture": "#0"},
				"south": {"uv": [8, 10.28571, 10, 11.28571], "texture": "#0"},
				"west": {"uv": [8, 10.28571, 10, 11.28571], "texture": "#0"},
				"up": {"uv": [11.42857, 10.28571, 13.42857, 12.28571], "texture": "#0"},
				"down": {"uv": [10, 5.71429, 8, 7.71429], "texture": "#1"}
			}
		},
		{
			"from": [10, 1, 10],
			"to": [12, 2, 12],
			"faces": {
				"north": {"uv": [8, 10.28571, 10, 11.28571], "texture": "#0"},
				"east": {"uv": [8, 10.28571, 10, 11.28571], "texture": "#0"},
				"south": {"uv": [8, 10.28571, 10, 11.28571], "texture": "#0"},
				"west": {"uv": [8, 10.28571, 10, 11.28571], "texture": "#0"},
				"up": {"uv": [11.42857, 10.28571, 13.42857, 12.28571], "texture": "#0"},
				"down": {"uv": [10, 5.71429, 8, 7.71429], "texture": "#1"}
			}
		},
		{
			"from": [4, 0, 10],
			"to": [6, 1, 14],
			"faces": {
				"north": {"uv": [8, 10.28571, 10, 11.28571], "texture": "#0"},
				"east": {"uv": [8, 10.28571, 10, 11.28571], "texture": "#0"},
				"south": {"uv": [8, 10.28571, 10, 11.28571], "texture": "#0"},
				"west": {"uv": [8, 10.28571, 10, 11.28571], "texture": "#0"},
				"up": {"uv": [3.42857, 9.14286, 5.71429, 13.71429], "texture": "#0"},
				"down": {"uv": [10, 5.71429, 8, 9.71429], "texture": "#1"}
			}
		},
		{
			"from": [2, 0, 10],
			"to": [4, 1, 12],
			"faces": {
				"north": {"uv": [8, 10.28571, 10, 11.28571], "texture": "#0"},
				"east": {"uv": [8, 10.28571, 10, 11.28571], "texture": "#0"},
				"south": {"uv": [8, 10.28571, 10, 11.28571], "texture": "#0"},
				"west": {"uv": [8, 10.28571, 10, 11.28571], "texture": "#0"},
				"up": {"uv": [2.28571, 12.57143, 4.57143, 10.28571], "texture": "#0"},
				"down": {"uv": [10, 5.71429, 8, 7.71429], "texture": "#1"}
			}
		},
		{
			"from": [4, 1, 10],
			"to": [6, 2, 12],
			"faces": {
				"north": {"uv": [8, 10.28571, 10, 11.28571], "texture": "#0"},
				"east": {"uv": [8, 10.28571, 10, 11.28571], "texture": "#0"},
				"south": {"uv": [8, 10.28571, 10, 11.28571], "texture": "#0"},
				"west": {"uv": [8, 10.28571, 10, 11.28571], "texture": "#0"},
				"up": {"uv": [2.28571, 12.57143, 4.57143, 10.28571], "texture": "#0"},
				"down": {"uv": [10, 5.71429, 8, 7.71429], "texture": "#1"}
			}
		},
		{
			"from": [4, 0, 2],
			"to": [6, 1, 6],
			"faces": {
				"north": {"uv": [8, 10.28571, 10, 11.28571], "texture": "#0"},
				"east": {"uv": [8, 10.28571, 10, 11.28571], "texture": "#0"},
				"south": {"uv": [8, 10.28571, 10, 11.28571], "texture": "#0"},
				"west": {"uv": [8, 10.28571, 10, 11.28571], "texture": "#0"},
				"up": {"uv": [5.71429, 2.28571, 3.42857, 6.85714], "texture": "#0"},
				"down": {"uv": [10, 5.71429, 8, 9.71429], "texture": "#1"}
			}
		},
		{
			"from": [2, 0, 4],
			"to": [4, 1, 6],
			"faces": {
				"north": {"uv": [8, 10.28571, 10, 11.28571], "texture": "#0"},
				"east": {"uv": [8, 10.28571, 10, 11.28571], "texture": "#0"},
				"south": {"uv": [8, 10.28571, 10, 11.28571], "texture": "#0"},
				"west": {"uv": [8, 10.28571, 10, 11.28571], "texture": "#0"},
				"up": {"uv": [2.28571, 5.42857, 4.28571, 3.42857], "texture": "#0"},
				"down": {"uv": [10, 5.71429, 8, 7.71429], "texture": "#1"}
			}
		},
		{
			"from": [4, 1, 4],
			"to": [6, 2, 6],
			"faces": {
				"north": {"uv": [8, 10.28571, 10, 11.28571], "texture": "#0"},
				"east": {"uv": [8, 10.28571, 10, 11.28571], "texture": "#0"},
				"south": {"uv": [8, 10.28571, 10, 11.28571], "texture": "#0"},
				"west": {"uv": [8, 10.28571, 10, 11.28571], "texture": "#0"},
				"up": {"uv": [2.28571, 5.42857, 4.28571, 3.42857], "texture": "#0"},
				"down": {"uv": [10, 5.71429, 8, 7.71429], "texture": "#1"}
			}
		},
		{
			"from": [3, 0, 3],
			"to": [4, 1, 4],
			"faces": {
				"north": {"uv": [8, 10.28571, 9, 11.28571], "texture": "#0"},
				"east": {"uv": [8, 10.28571, 10, 11.28571], "texture": "#0"},
				"south": {"uv": [8, 10.28571, 10, 11.28571], "texture": "#0"},
				"west": {"uv": [8, 10.28571, 10, 11.28571], "texture": "#0"},
				"up": {"uv": [5.57143, 3.28571, 4.57143, 2.28571], "texture": "#0"},
				"down": {"uv": [9, 5.71429, 8, 6.71429], "texture": "#1"}
			}
		},
		{
			"from": [3, 1, 4],
			"to": [4, 2, 6],
			"faces": {
				"north": {"uv": [8, 10.28571, 9, 11.28571], "texture": "#0"},
				"east": {"uv": [8, 10.28571, 10, 11.28571], "texture": "#0"},
				"south": {"uv": [8, 10.28571, 10, 11.28571], "texture": "#0"},
				"west": {"uv": [8, 10.28571, 10, 11.28571], "texture": "#0"},
				"up": {"uv": [5.57143, 3.28571, 4.57143, 2.28571], "texture": "#0"},
				"down": {"uv": [9, 5.71429, 8, 6.71429], "texture": "#1"}
			}
		},
		{
			"from": [3, 0, 12],
			"to": [4, 1, 13],
			"faces": {
				"north": {"uv": [8, 10.28571, 9, 11.28571], "texture": "#0"},
				"east": {"uv": [8, 10.28571, 10, 11.28571], "texture": "#0"},
				"south": {"uv": [8, 10.28571, 10, 11.28571], "texture": "#0"},
				"west": {"uv": [8, 10.28571, 10, 11.28571], "texture": "#0"},
				"up": {"uv": [3.28571, 12.42857, 2.28571, 11.42857], "texture": "#0"},
				"down": {"uv": [9, 5.71429, 8, 6.71429], "texture": "#1"}
			}
		},
		{
			"from": [3, 1, 10],
			"to": [4, 2, 12],
			"faces": {
				"north": {"uv": [8, 10.28571, 9, 11.28571], "texture": "#0"},
				"east": {"uv": [8, 10.28571, 10, 11.28571], "texture": "#0"},
				"south": {"uv": [8, 10.28571, 10, 11.28571], "texture": "#0"},
				"west": {"uv": [8, 10.28571, 10, 11.28571], "texture": "#0"},
				"up": {"uv": [3.28571, 12.42857, 2.28571, 11.42857], "texture": "#0"},
				"down": {"uv": [9, 5.71429, 8, 6.71429], "texture": "#1"}
			}
		},
		{
			"from": [4, 1, 12],
			"to": [6, 2, 13],
			"faces": {
				"north": {"uv": [8, 10.28571, 9, 11.28571], "texture": "#0"},
				"east": {"uv": [8, 10.28571, 10, 11.28571], "texture": "#0"},
				"south": {"uv": [8, 10.28571, 10, 11.28571], "texture": "#0"},
				"west": {"uv": [8, 10.28571, 10, 11.28571], "texture": "#0"},
				"up": {"uv": [3.28571, 12.42857, 2.28571, 11.42857], "texture": "#0"},
				"down": {"uv": [9, 5.71429, 8, 6.71429], "texture": "#1"}
			}
		},
		{
			"from": [4, 1, 3],
			"to": [6, 2, 4],
			"faces": {
				"north": {"uv": [8, 10.28571, 9, 11.28571], "texture": "#0"},
				"east": {"uv": [8, 10.28571, 10, 11.28571], "texture": "#0"},
				"south": {"uv": [8, 10.28571, 10, 11.28571], "texture": "#0"},
				"west": {"uv": [8, 10.28571, 10, 11.28571], "texture": "#0"},
				"up": {"uv": [3.28571, 12.42857, 2.28571, 11.42857], "texture": "#0"},
				"down": {"uv": [9, 5.71429, 8, 6.71429], "texture": "#1"}
			}
		},
		{
			"from": [6, 0, 6],
			"to": [10, 1, 10],
			"faces": {
				"north": {"uv": [4, 9, 8, 10], "texture": "#missing"},
				"east": {"uv": [0, 9, 4, 10], "texture": "#missing"},
				"south": {"uv": [12, 9, 16, 10], "texture": "#missing"},
				"west": {"uv": [8, 9, 12, 10], "texture": "#missing"},
				"up": {"uv": [10.28571, 10.28571, 5.71429, 5.71429], "texture": "#0"},
				"down": {"uv": [12, 5.71429, 8, 9.71429], "texture": "#1"}
			}
		},
		{
			"from": [6, 1, 6],
			"to": [10, 2, 10],
			"faces": {
				"north": {"uv": [4, 9, 8, 10], "texture": "#missing"},
				"east": {"uv": [0, 9, 4, 10], "texture": "#missing"},
				"south": {"uv": [12, 9, 16, 10], "texture": "#missing"},
				"west": {"uv": [8, 9, 12, 10], "texture": "#missing"},
				"up": {"uv": [10.28571, 10.28571, 5.71429, 5.71429], "texture": "#0"},
				"down": {"uv": [12, 5.71429, 8, 9.71429], "texture": "#1"}
			}
		},
		{
			"from": [6, 0, 10],
			"to": [10, 1, 15],
			"faces": {
				"north": {"uv": [8, 10.28571, 12, 11.28571], "texture": "#0"},
				"east": {"uv": [8, 10.28571, 10, 11.28571], "texture": "#0"},
				"south": {"uv": [8, 10.28571, 10, 11.28571], "texture": "#0"},
				"west": {"uv": [8, 10.28571, 10, 11.28571], "texture": "#0"},
				"up": {"uv": [5.71429, 9.14286, 10.28571, 14.85714], "texture": "#0"},
				"down": {"uv": [12, 5.71429, 8, 10.71429], "texture": "#1"}
			}
		},
		{
			"from": [6, 1, 10],
			"to": [10, 2, 14],
			"faces": {
				"north": {"uv": [8, 10.28571, 12, 11.28571], "texture": "#0"},
				"east": {"uv": [8, 10.28571, 10, 11.28571], "texture": "#0"},
				"south": {"uv": [8, 10.28571, 10, 11.28571], "texture": "#0"},
				"west": {"uv": [8, 10.28571, 10, 11.28571], "texture": "#0"},
				"up": {"uv": [5.71429, 9.14286, 10.28571, 14.85714], "texture": "#0"},
				"down": {"uv": [12, 5.71429, 8, 10.71429], "texture": "#1"}
			}
		}
	],
	"display": {
		"ground": {
			"translation": [0, 11.5, 0]
		},
		"gui": {
			"translation": [0, 4.75, 0]
		},
        "thirdperson_righthand": {
			"rotation": [90, 0, 0],
			"translation": [0, 3, 6],
			"scale": [0.65, 0.65, 0.65]
		}
	},
	"groups": [
		{
			"name": "group",
			"origin": [0, 0, 0],
			"children": [0, 1, 2, 3, 4, 5, 6, 7, 8, 9, 10, 11, 12, 13, 14, 15, 16, 17, 18, 19, 20, 21, 22, 23, 24, 25, 26, 27, 28, 29, 30, 31, 32, 33]
		}
	]
}