{
	"credit": "Made with Blockbench",
	"textures": {
		"particle": "minecraft:item/chips"
	},
	"elements": [
		{
			"from": [8, 10, 5],
			"to": [9, 11, 6],
			"faces": {
				"north": {"uv": [1, 3, 2, 4], "texture": "#particle"},
				"east": {"uv": [2, 4, 3, 5], "texture": "#particle"},
				"south": {"uv": [1, 4, 2, 5], "texture": "#particle"},
				"west": {"uv": [6, 2, 7, 3], "texture": "#particle"},
				"up": {"uv": [2, 3, 3, 4], "texture": "#particle"},
				"down": {"uv": [2, 2, 3, 3], "texture": "#particle"}
			}
		},
		{
			"from": [5, 8, 8],
			"to": [6, 9, 9],
			"faces": {
				"north": {"uv": [6, 2, 7, 3], "texture": "#particle"},
				"east": {"uv": [8, 5, 9, 6], "texture": "#particle"},
				"south": {"uv": [7, 3, 8, 4], "texture": "#particle"},
				"west": {"uv": [8, 2, 9, 3], "texture": "#particle"},
				"up": {"uv": [6, 3, 7, 4], "texture": "#particle"},
				"down": {"uv": [7, 2, 8, 3], "texture": "#particle"}
			}
		},
		{
			"from": [8, 8, 11],
			"to": [9, 9, 12],
			"faces": {
				"north": {"uv": [4, 6, 5, 7], "texture": "#particle"},
				"east": {"uv": [8, 9, 9, 10], "texture": "#particle"},
				"south": {"uv": [4, 5, 5, 6], "texture": "#particle"},
				"west": {"uv": [9, 9, 10, 10], "texture": "#particle"},
				"up": {"uv": [5, 6, 6, 7], "texture": "#particle"},
				"down": {"uv": [4, 4, 5, 5], "texture": "#particle"}
			}
		},
		{
			"from": [11, 9, 7],
			"to": [12, 10, 8],
			"faces": {
				"north": {"uv": [5, 5, 6, 6], "texture": "#particle"},
				"east": {"uv": [3, 8, 4, 9], "texture": "#particle"},
				"south": {"uv": [4, 9, 5, 10], "texture": "#particle"},
				"west": {"uv": [9, 10, 10, 11], "texture": "#particle"},
				"up": {"uv": [12, 13, 13, 14], "texture": "#particle"},
				"down": {"uv": [8, 10, 9, 11], "texture": "#particle"}
			}
		},
		{
			"from": [7, 11, 10],
			"to": [8, 12, 11],
			"faces": {
				"north": {"uv": [6, 13, 7, 14], "texture": "#particle"},
				"east": {"uv": [5, 12, 6, 13], "rotation": 90, "texture": "#particle"},
				"south": {"uv": [12, 13, 13, 14], "texture": "#particle"},
				"west": {"uv": [11, 13, 12, 14], "texture": "#particle"},
				"up": {"uv": [13, 12, 14, 13], "texture": "#particle"},
				"down": {"uv": [13, 13, 14, 14], "texture": "#particle"}
			}
		}
	],
	"display": {
	"thirdperson_righthand": {
			"translation": [0, 3, 1],
			"rotation": [90, 90, 0],
			"scale": [0.75, 0.75, 0.75]
		}
	},
	"groups": [
		{
			"name": "chocolate sprinkl",
			"origin": [0, 0, 0],
			"color": 0,
			"children": [0, 1, 2, 3, 4]
		}
	]
}