{
	"credit": "Made with Blockbench by Pinkessi",
	"textures": {
		"0": "custom/bunsy-2_copy_6",
		"1": "custom/bunsy-2_copy_4",
		"particle": "custom/bunsy-2_copy_6"
	},
	"elements": [
		{
			"from": [6, 1, 2],
			"to": [10, 2, 6],
			"faces": {
				"north": {"uv": [7, 10, 11, 11], "texture": "#0"},
				"east": {"uv": [12, 11, 13, 12], "texture": "#0"},
				"west": {"uv": [12, 11, 13, 12], "texture": "#0"},
				"up": {"uv": [6, 2, 10, 6], "texture": "#0"}
			}
		},
		{
			"from": [2, 1, 6],
			"to": [6, 2, 10],
			"faces": {
				"north": {"uv": [12, 11, 13, 12], "texture": "#0"},
				"south": {"uv": [12, 11, 13, 12], "texture": "#0"},
				"west": {"uv": [6, 11, 10, 10], "texture": "#0"},
				"up": {"uv": [2, 6, 6, 10], "texture": "#0"}
			}
		},
		{
			"from": [10, 1, 6],
			"to": [14, 2, 10],
			"faces": {
				"north": {"uv": [12, 11, 13, 12], "texture": "#0"},
				"east": {"uv": [7, 7, 11, 6], "texture": "#0"},
				"south": {"uv": [12, 11, 13, 12], "texture": "#0"},
				"up": {"uv": [10, 6, 14, 10], "texture": "#0"}
			}
		},
		{
			"from": [10, 1, 4],
			"to": [12, 2, 6],
			"faces": {
				"up": {"uv": [10, 4, 12, 6], "texture": "#0"}
			}
		},
		{
			"from": [12, 1, 4],
			"to": [13, 2, 6],
			"faces": {
				"north": {"uv": [12, 11, 13, 12], "texture": "#0"},
				"east": {"uv": [10, 11, 12, 12], "texture": "#0"},
				"up": {"uv": [12, 4, 13, 6], "texture": "#0"}
			}
		},
		{
			"from": [12, 1, 10],
			"to": [13, 2, 12],
			"faces": {
				"east": {"uv": [11, 10, 13, 11], "texture": "#0"},
				"south": {"uv": [12, 11, 13, 12], "texture": "#0"},
				"up": {"uv": [12, 10, 13, 12], "texture": "#0"}
			}
		},
		{
			"from": [10, 1, 12],
			"to": [12, 2, 13],
			"faces": {
				"east": {"uv": [12, 11, 13, 12], "texture": "#0"},
				"south": {"uv": [10, 8, 12, 9], "texture": "#0"},
				"up": {"uv": [10, 12, 12, 13], "texture": "#0"}
			}
		},
		{
			"from": [10, 1, 3],
			"to": [12, 2, 4],
			"faces": {
				"north": {"uv": [7, 9, 9, 10], "texture": "#0"},
				"east": {"uv": [12, 11, 13, 12], "texture": "#0"},
				"up": {"uv": [10, 3, 12, 4], "texture": "#0"}
			}
		},
		{
			"from": [10, 1, 10],
			"to": [12, 2, 12],
			"faces": {
				"up": {"uv": [10, 10, 12, 12], "texture": "#0"}
			}
		},
		{
			"from": [4, 1, 10],
			"to": [6, 2, 12],
			"faces": {
				"up": {"uv": [5, 10, 7, 12], "texture": "#0"}
			}
		},
		{
			"from": [4, 1, 4],
			"to": [6, 2, 6],
			"faces": {
				"up": {"uv": [4, 4, 6, 6], "texture": "#0"}
			}
		},
		{
			"from": [3, 1, 4],
			"to": [4, 2, 6],
			"faces": {
				"north": {"uv": [12, 11, 13, 12], "texture": "#0"},
				"west": {"uv": [11, 11, 13, 12], "texture": "#0"},
				"up": {"uv": [3, 4, 4, 6], "texture": "#0"}
			}
		},
		{
			"from": [3, 1, 10],
			"to": [4, 2, 12],
			"faces": {
				"south": {"uv": [12, 11, 13, 12], "texture": "#0"},
				"west": {"uv": [9, 6, 11, 7], "texture": "#0"},
				"up": {"uv": [3, 10, 4, 12], "texture": "#0"}
			}
		},
		{
			"from": [4, 1, 12],
			"to": [6, 2, 13],
			"faces": {
				"south": {"uv": [7, 11, 9, 12], "texture": "#0"},
				"west": {"uv": [12, 11, 13, 12], "texture": "#0"},
				"up": {"uv": [4, 12, 6, 13], "texture": "#0"}
			}
		},
		{
			"from": [4, 1, 3],
			"to": [6, 2, 4],
			"faces": {
				"north": {"uv": [11, 10, 13, 11], "texture": "#0"},
				"west": {"uv": [12, 11, 13, 12], "texture": "#0"},
				"up": {"uv": [4, 3, 6, 4], "texture": "#0"}
			}
		},
		{
			"from": [6, 1, 6],
			"to": [10, 2, 10],
			"faces": {
				"up": {"uv": [6, 6, 10, 10], "texture": "#0"}
			}
		},
		{
			"from": [6, 1, 10],
			"to": [10, 2, 14],
			"faces": {
				"east": {"uv": [12, 11, 13, 12], "texture": "#0"},
				"south": {"uv": [9, 11, 13, 12], "texture": "#0"},
				"west": {"uv": [12, 11, 13, 12], "texture": "#0"},
				"up": {"uv": [6, 10, 10, 14], "texture": "#0"}
			}
		},
		{
			"from": [6, 0, 10],
			"to": [10, 1, 15],
			"faces": {
				"north": {"uv": [3.42857, 1.14286, 4.57143, 2.28571], "texture": "#0"},
				"east": {"uv": [10, 8, 11, 9], "texture": "#0"},
				"south": {"uv": [7, 3, 11, 4], "texture": "#0"},
				"west": {"uv": [10, 8, 11, 9], "texture": "#0"},
				"up": {"uv": [6, 10, 10, 14], "texture": "#0"},
				"down": {"uv": [6, 1, 10, 6], "texture": "#1"}
			}
		},
		{
			"from": [6, 0, 6],
			"to": [10, 1, 10],
			"faces": {
				"north": {"uv": [3.42857, 1.14286, 4.57143, 2.28571], "texture": "#0"},
				"east": {"uv": [3.42857, 1.14286, 4.57143, 2.28571], "texture": "#0"},
				"south": {"uv": [3.42857, 1.14286, 4.57143, 2.28571], "texture": "#0"},
				"west": {"uv": [3.42857, 1.14286, 4.57143, 2.28571], "texture": "#0"},
				"up": {"uv": [6, 6, 10, 10], "texture": "#0"},
				"down": {"uv": [6, 6, 10, 10], "texture": "#1"}
			}
		},
		{
			"from": [3, 0, 12],
			"to": [4, 1, 13],
			"faces": {
				"north": {"uv": [3.42857, 1.14286, 4.57143, 2.28571], "texture": "#0"},
				"east": {"uv": [3.42857, 1.14286, 4.57143, 2.28571], "texture": "#0"},
				"south": {"uv": [10, 8, 11, 9], "texture": "#0"},
				"west": {"uv": [10, 8, 11, 9], "texture": "#0"},
				"up": {"uv": [11, 4, 12, 5], "texture": "#0"},
				"down": {"uv": [3, 3, 4, 4], "texture": "#1"}
			}
		},
		{
			"from": [3, 0, 3],
			"to": [4, 1, 4],
			"faces": {
				"north": {"uv": [10, 8, 11, 9], "texture": "#0"},
				"east": {"uv": [3.42857, 1.14286, 4.57143, 2.28571], "texture": "#0"},
				"south": {"uv": [3.42857, 1.14286, 4.57143, 2.28571], "texture": "#0"},
				"west": {"uv": [10, 8, 11, 9], "texture": "#0"},
				"up": {"uv": [4, 4, 5, 5], "texture": "#0"},
				"down": {"uv": [3, 12, 4, 13], "texture": "#1"}
			}
		},
		{
			"from": [2, 0, 4],
			"to": [4, 1, 6],
			"faces": {
				"north": {"uv": [10, 8, 11, 9], "texture": "#0"},
				"east": {"uv": [3.42857, 1.14286, 4.57143, 2.28571], "texture": "#0"},
				"south": {"uv": [3.42857, 1.14286, 4.57143, 2.28571], "texture": "#0"},
				"west": {"uv": [8, 3, 10, 4], "texture": "#0"},
				"up": {"uv": [3, 4, 5, 6], "texture": "#0"},
				"down": {"uv": [2, 10, 4, 12], "texture": "#1"}
			}
		},
		{
			"from": [4, 0, 2],
			"to": [6, 1, 6],
			"faces": {
				"north": {"uv": [8, 3, 10, 4], "texture": "#0"},
				"east": {"uv": [3.42857, 1.14286, 4.57143, 2.28571], "texture": "#0"},
				"south": {"uv": [3.42857, 1.14286, 4.57143, 2.28571], "texture": "#0"},
				"west": {"uv": [10, 8, 11, 9], "texture": "#0"},
				"up": {"uv": [4, 3, 6, 7], "texture": "#0"},
				"down": {"uv": [4, 10, 6, 14], "texture": "#1"}
			}
		},
		{
			"from": [2, 0, 10],
			"to": [4, 1, 12],
			"faces": {
				"north": {"uv": [3.42857, 1.14286, 4.57143, 2.28571], "texture": "#0"},
				"east": {"uv": [3.42857, 1.14286, 4.57143, 2.28571], "texture": "#0"},
				"south": {"uv": [10, 8, 11, 9], "texture": "#0"},
				"west": {"uv": [8, 3, 10, 4], "texture": "#0"},
				"up": {"uv": [4, 10, 6, 12], "texture": "#0"},
				"down": {"uv": [2, 4, 4, 6], "texture": "#1"}
			}
		},
		{
			"from": [4, 0, 10],
			"to": [6, 1, 14],
			"faces": {
				"north": {"uv": [3.42857, 1.14286, 4.57143, 2.28571], "texture": "#0"},
				"east": {"uv": [3.42857, 1.14286, 4.57143, 2.28571], "texture": "#0"},
				"south": {"uv": [8, 3, 10, 4], "texture": "#0"},
				"west": {"uv": [10, 8, 11, 9], "texture": "#0"},
				"up": {"uv": [4, 9, 6, 13], "texture": "#0"},
				"down": {"uv": [4, 2, 6, 6], "texture": "#1"}
			}
		},
		{
			"from": [12, 0, 10],
			"to": [14, 1, 12],
			"faces": {
				"north": {"uv": [3.42857, 1.14286, 4.57143, 2.28571], "texture": "#0"},
				"east": {"uv": [8, 3, 10, 4], "texture": "#0"},
				"south": {"uv": [10, 8, 11, 9], "texture": "#0"},
				"west": {"uv": [3.42857, 1.14286, 4.57143, 2.28571], "texture": "#0"},
				"up": {"uv": [11, 10, 13, 12], "texture": "#0"},
				"down": {"uv": [12, 4, 14, 6], "texture": "#1"}
			}
		},
		{
			"from": [10, 0, 10],
			"to": [12, 1, 14],
			"faces": {
				"north": {"uv": [3.42857, 1.14286, 4.57143, 2.28571], "texture": "#0"},
				"east": {"uv": [10, 8, 11, 9], "texture": "#0"},
				"south": {"uv": [8, 3, 10, 4], "texture": "#0"},
				"west": {"uv": [3.42857, 1.14286, 4.57143, 2.28571], "texture": "#0"},
				"up": {"uv": [10, 9, 12, 13], "texture": "#0"},
				"down": {"uv": [10, 2, 12, 6], "texture": "#1"}
			}
		},
		{
			"from": [12, 0, 12],
			"to": [13, 1, 13],
			"faces": {
				"north": {"uv": [3.42857, 1.14286, 4.57143, 2.28571], "texture": "#0"},
				"east": {"uv": [10, 8, 11, 9], "texture": "#0"},
				"south": {"uv": [10, 8, 11, 9], "texture": "#0"},
				"west": {"uv": [3.42857, 1.14286, 4.57143, 2.28571], "texture": "#0"},
				"up": {"uv": [12, 4, 13, 5], "texture": "#0"},
				"down": {"uv": [12, 3, 13, 4], "texture": "#1"}
			}
		},
		{
			"from": [10, 0, 6],
			"to": [15, 1, 10],
			"faces": {
				"north": {"uv": [10, 8, 11, 9], "texture": "#0"},
				"east": {"uv": [7, 3, 11, 4], "texture": "#0"},
				"south": {"uv": [10, 8, 11, 9], "texture": "#0"},
				"west": {"uv": [3.42857, 1.14286, 4.57143, 2.28571], "texture": "#0"},
				"up": {"uv": [9, 6, 14, 10], "texture": "#0"},
				"down": {"uv": [10, 6, 15, 10], "texture": "#1"}
			}
		},
		{
			"from": [10, 0, 2],
			"to": [12, 1, 6],
			"faces": {
				"north": {"uv": [8, 3, 10, 4], "texture": "#0"},
				"east": {"uv": [10, 8, 11, 9], "texture": "#0"},
				"south": {"uv": [3.42857, 1.14286, 4.57143, 2.28571], "texture": "#0"},
				"west": {"uv": [3.42857, 1.14286, 4.57143, 2.28571], "texture": "#0"},
				"up": {"uv": [10, 3, 12, 7], "texture": "#0"},
				"down": {"uv": [10, 10, 12, 14], "texture": "#1"}
			}
		},
		{
			"from": [12, 0, 4],
			"to": [14, 1, 6],
			"faces": {
				"north": {"uv": [10, 8, 11, 9], "texture": "#0"},
				"east": {"uv": [8, 3, 10, 4], "texture": "#0"},
				"south": {"uv": [3.42857, 1.14286, 4.57143, 2.28571], "texture": "#0"},
				"west": {"uv": [3.42857, 1.14286, 4.57143, 2.28571], "texture": "#0"},
				"up": {"uv": [11, 4, 13, 6], "texture": "#0"},
				"down": {"uv": [12, 10, 14, 12], "texture": "#1"}
			}
		},
		{
			"from": [12, 0, 3],
			"to": [13, 1, 4],
			"faces": {
				"north": {"uv": [10, 8, 11, 9], "texture": "#0"},
				"east": {"uv": [10, 8, 11, 9], "texture": "#0"},
				"south": {"uv": [3.42857, 1.14286, 4.57143, 2.28571], "texture": "#0"},
				"west": {"uv": [3.42857, 1.14286, 4.57143, 2.28571], "texture": "#0"},
				"up": {"uv": [12, 4, 13, 5], "texture": "#0"},
				"down": {"uv": [3, 12, 4, 13], "texture": "#1"}
			}
		},
		{
			"from": [1, 0, 6],
			"to": [6, 1, 10],
			"faces": {
				"north": {"uv": [10, 8, 11, 9], "texture": "#0"},
				"east": {"uv": [3.42857, 1.14286, 4.57143, 2.28571], "texture": "#0"},
				"south": {"uv": [10, 8, 11, 9], "texture": "#0"},
				"west": {"uv": [7, 3, 11, 4], "texture": "#0"},
				"up": {"uv": [2, 6, 6, 10], "texture": "#0"},
				"down": {"uv": [1, 6, 6, 10], "texture": "#1"}
			}
		},
		{
			"from": [6, 0, 1],
			"to": [10, 1, 6],
			"faces": {
				"north": {"uv": [7, 3, 11, 4], "texture": "#0"},
				"east": {"uv": [10, 8, 11, 9], "texture": "#0"},
				"south": {"uv": [3.42857, 1.14286, 4.57143, 2.28571], "texture": "#0"},
				"west": {"uv": [10, 8, 11, 9], "texture": "#0"},
				"up": {"uv": [6, 2, 10, 6], "texture": "#0"},
				"down": {"uv": [6, 10, 10, 15], "texture": "#1"}
			}
		}
	],
	"display": {
		"ground": {
			"translation": [0, 11.5, 0]
		},
		"gui": {
			"translation": [0, 4.75, 0]
		},
        "thirdperson_righthand": {
			"rotation": [90, 0, 0],
			"translation": [0, 3, 6],
			"scale": [0.65, 0.65, 0.65]
		}
	},
	"groups": [
		{
			"name": "toplayer",
			"origin": [0, 0, 0],
			"color": 0,
			"children": [0, 1, 2, 3, 4, 5, 6, 7, 8, 9, 10, 11, 12, 13, 14, 15, 16]
		},
		{
			"name": "bottomlayer",
			"origin": [8, 8, 8],
			"color": 0,
			"children": [17, 18, 19, 20, 21, 22, 23, 24, 25, 26, 27, 28, 29, 30, 31, 32, 33]
		}
	]
}