{
    "providers": [
        {
            "type": "bitmap",
            "file": "minecraft:item/bun.png",
            "ascent": 7,
            "height": 8,
            "chars": [
                "\uEFF0"
            ]
        },
        {
            "type": "bitmap",
            "file": "minecraft:item/cheese.png",
            "ascent": 7,
            "height": 8,
            "chars": [
                "\uEFF1"
            ]
        },
        {
            "type": "bitmap",
            "file": "minecraft:item/lettuce_head.png",
            "ascent": 7,
            "height": 8,
            "chars": [
                "\uEFF2"
            ]
        },
        {
            "type": "bitmap",
            "file": "minecraft:item/lettuce_leaf.png",
            "ascent": 7,
            "height": 8,
            "chars": [
                "\uEFF3"
            ]
        },
        {
            "type": "bitmap",
            "file": "minecraft:item/tomato.png",
            "ascent": 7,
            "height": 8,
            "chars": [
                "\uEFF4"
            ]
        },
        {
            "type": "bitmap",
            "file": "minecraft:item/tomato_slice.png",
            "ascent": 7,
            "height": 8,
            "chars": [
                "\uEFF5"
            ]
        },
        {
            "type": "bitmap",
            "file": "minecraft:item/raw_hamburger.png",
            "ascent": 7,
            "height": 8,
            "chars": [
                "\uEFF6"
            ]
        },
        {
            "type": "bitmap",
            "file": "minecraft:item/half_cooked_hamburger.png",
            "ascent": 7,
            "height": 8,
            "chars": [
                "\uEFF7"
            ]
        },
        {
            "type": "bitmap",
            "file": "minecraft:item/hamburger.png",
            "ascent": 7,
            "height": 8,
            "chars": [
                "\uEFF8"
            ]
        },
        {
            "type": "bitmap",
            "file": "minecraft:item/burnt_hamburger.png",
            "ascent": 7,
            "height": 8,
            "chars": [
                "\uEFF9"
            ]
        },
        {
            "type": "bitmap",
            "file": "minecraft:item/charcoal.png",
            "ascent": 7,
            "height": 8,
            "chars": [
                "\uEFFA"
            ]
        },

        {
            "type": "bitmap",
            "file": "minecraft:item/rice.png",
            "ascent": 7,
            "height": 8,
            "chars": [
                "\uEFFB"
            ]
        },
        {
            "type": "bitmap",
            "file": "minecraft:item/salmon.png",
            "ascent": 7,
            "height": 8,
            "chars": [
                "\uEFFC"
            ]
        },
        {
            "type": "bitmap",
            "file": "minecraft:item/pufferfish.png",
            "ascent": 7,
            "height": 8,
            "chars": [
                "\uEFFD"
            ]
        },
        {
            "type": "bitmap",
            "file": "minecraft:item/cut_salmon.png",
            "ascent": 7,
            "height": 8,
            "chars": [
                "\uEFFE"
            ]
        },
        {
            "type": "bitmap",
            "file": "minecraft:item/cut_pufferfish.png",
            "ascent": 7,
            "height": 8,
            "chars": [
                "\uEFFF"
            ]
        },
        {
            "type": "bitmap",
            "file": "minecraft:item/poison_pufferfish.png",
            "ascent": 7,
            "height": 8,
            "chars": [
                "\uF000"
            ]
        },
        {
            "type": "bitmap",
            "file": "minecraft:item/avocado.png",
            "ascent": 7,
            "height": 8,
            "chars": [
                "\uF001"
            ]
        },
        {
            "type": "bitmap",
            "file": "minecraft:item/avocado_slice.png",
            "ascent": 7,
            "height": 8,
            "chars": [
                "\uF002"
            ]
        },
        {
            "type": "bitmap",
            "file": "minecraft:item/wasabi.png",
            "ascent": 7,
            "height": 8,
            "chars": [
                "\uF003"
            ]
        },

        {
            "type": "bitmap",
            "file": "minecraft:item/dough.png",
            "ascent": 7,
            "height": 8,
            "chars": [
                "\uF004"
            ]
        },
        {
            "type": "bitmap",
            "file": "minecraft:item/sauce.png",
            "ascent": 7,
            "height": 8,
            "chars": [
                "\uF005"
            ]
        },
        {
            "type": "bitmap",
            "file": "minecraft:item/pizza_cheese.png",
            "ascent": 7,
            "height": 8,
            "chars": [
                "\uF006"
            ]
        },
        {
            "type": "bitmap",
            "file": "minecraft:item/pepperoni.png",
            "ascent": 7,
            "height": 8,
            "chars": [
                "\uF007"
            ]
        },
        {
            "type": "bitmap",
            "file": "minecraft:item/mushroom.png",
            "ascent": 7,
            "height": 8,
            "chars": [
                "\uF008"
            ]
        },
        {
            "type": "bitmap",
            "file": "minecraft:item/pineapple.png",
            "ascent": 7,
            "height": 8,
            "chars": [
                "\uF009"
            ]
        },
        {
            "type": "bitmap",
            "file": "minecraft:item/thick_crust.png",
            "ascent": 7,
            "height": 8,
            "chars": [
                "\uF00A"
            ]
        },
        {
            "type": "bitmap",
            "file": "minecraft:item/thin_crust.png",
            "ascent": 7,
            "height": 8,
            "chars": [
                "\uF00B"
            ]
        },
        {
            "type": "bitmap",
            "file": "minecraft:item/cut_mushroom.png",
            "ascent": 7,
            "height": 8,
            "chars": [
                "\uF00C"
            ]
        },
        {
            "type": "bitmap",
            "file": "minecraft:item/cut_pineapple.png",
            "ascent": 7,
            "height": 8,
            "chars": [
                "\uF00D"
            ]
        },

        {
            "type": "bitmap",
            "file": "minecraft:item/tortilla.png",
            "ascent": 7,
            "height": 8,
            "chars": [
                "\uF00E"
            ]
        },
        {
            "type": "bitmap",
            "file": "minecraft:item/raw_beef.png",
            "ascent": 7,
            "height": 8,
            "chars": [
                "\uF00F"
            ]
        },
        {
            "type": "bitmap",
            "file": "minecraft:item/taco_cheese.png",
            "ascent": 7,
            "height": 8,
            "chars": [
                "\uF010"
            ]
        },
        {
            "type": "bitmap",
            "file": "minecraft:item/guac.png",
            "ascent": 7,
            "height": 8,
            "chars": [
                "\uF011"
            ]
        },
        {
            "type": "bitmap",
            "file": "minecraft:item/salsa.png",
            "ascent": 7,
            "height": 8,
            "chars": [
                "\uF012"
            ]
        },
        {
            "type": "bitmap",
            "file": "minecraft:item/sour_cream.png",
            "ascent": 7,
            "height": 8,
            "chars": [
                "\uF013"
            ]
        },
        {
            "type": "bitmap",
            "file": "minecraft:item/beef_(taco).png",
            "ascent": 7,
            "height": 8,
            "chars": [
                "\uF014"
            ]
        },
        {
            "type": "bitmap",
            "file": "minecraft:item/lettuce_shreds.png",
            "ascent": 7,
            "height": 8,
            "chars": [
                "\uF015"
            ]
        }
    ]
}