{
    "block.wooden_button.click_on": {
      "replace": true,
      "sounds": [
        ""
      ]
    },
    "block.wooden_button.click_off": {
        "replace": true,
        "sounds": [
          ""
        ]
    },
    "block.chest.locked": {
      "replace": true,
      "sounds": [
        ""
      ]
    },
    "custom.weeeeee": {
      "replace": true,
      "sounds": [
        "custom/weeeeee"
      ],
      "subtitle": "Weeeeee!"
    },
    "custom.oof": {
      "replace": true,
      "sounds": [
        "custom/hit1",
        "custom/hit2",
        "custom/hit3"
      ],
      "subtitle": "Oof."
    },
    "custom.melon": {
      "replace": true,
      "sounds": [
        "custom/melon"
      ],
      "subtitle": "I'm the Melon Man!"
    },
    "custom.mail": {
      "replace": true,
      "sounds": [
        "custom/mail"
      ],
      "subtitle": "Thou hast mail."
    },
    "custom.wilhelm": {
      "replace": true,
      "sounds": [
        "custom/wilhelm"
      ],
      "subtitle": "EAUGHAGHUGH!!!"
    },
    "custom.cc": {
      "replace": true,
      "sounds": [
        "custom/cc"
      ],
      "subtitle": "Order Complete!"
    },
    "custom.regs": {
      "replace": true,
      "sounds": [
        "custom/regs"
      ],
      "subtitle": "*dies*"
    }
}