{
	"credit": "Made with Blockbench",
	"parent": "block/block",
	"textures": {
		"0": "block/spruce_planks",
		"particle": "block/spruce_planks"
	},
	"elements": [
		{
			"from": [15, 1, 0.1],
			"to": [15.9, 4, 15.8],
			"faces": {
				"north": {"uv": [0, 13, 1, 16], "texture": "#0"},
				"east": {"uv": [0, 13, 16, 16], "texture": "#0"},
				"south": {"uv": [15, 13, 16, 16], "texture": "#0"},
				"west": {"uv": [0, 13, 16, 16], "texture": "#0"},
				"up": {"uv": [0, 3, 16, 4], "rotation": 90, "texture": "#0"},
				"down": {"uv": [0, 3, 16, 4], "rotation": 90, "texture": "#0"}
			}
		},
		{
			"from": [0.1, 1, 0.1],
			"to": [1, 4, 15.8],
			"faces": {
				"north": {"uv": [15, 13, 16, 16], "texture": "#0"},
				"east": {"uv": [0, 13, 16, 16], "texture": "#0"},
				"south": {"uv": [0, 13, 1, 16], "texture": "#0"},
				"west": {"uv": [0, 1, 16, 4], "texture": "#0"},
				"up": {"uv": [0, 3, 16, 4], "rotation": 90, "texture": "#0"},
				"down": {"uv": [0, 3, 16, 4], "rotation": 90, "texture": "#0"}
			}
		},
		{
			"from": [15, 7, 0.1],
			"to": [15.9, 10, 15.8],
			"faces": {
				"north": {"uv": [0, 7, 1, 10], "texture": "#0"},
				"east": {"uv": [0, 1, 16, 4], "texture": "#0"},
				"south": {"uv": [15, 7, 16, 10], "texture": "#0"},
				"west": {"uv": [0, 13, 16, 16], "texture": "#0"},
				"up": {"uv": [0, 3, 16, 4], "rotation": 90, "texture": "#0"},
				"down": {"uv": [0, 3, 16, 4], "rotation": 90, "texture": "#0"}
			}
		},
		{
			"from": [0.1, 7, 0.1],
			"to": [1, 10, 15.8],
			"faces": {
				"north": {"uv": [15, 7, 16, 10], "texture": "#0"},
				"east": {"uv": [0, 13, 16, 16], "texture": "#0"},
				"south": {"uv": [0, 7, 1, 10], "texture": "#0"},
				"west": {"uv": [0, 5, 16, 8], "texture": "#0"},
				"up": {"uv": [0, 3, 16, 4], "rotation": 90, "texture": "#0"},
				"down": {"uv": [0, 3, 16, 4], "rotation": 90, "texture": "#0"}
			}
		},
		{
			"from": [15, 13, 0.1],
			"to": [15.9, 16, 15.8],
			"faces": {
				"north": {"uv": [0, 1, 1, 4], "texture": "#0"},
				"east": {"uv": [0, 9, 16, 12], "texture": "#0"},
				"south": {"uv": [15, 1, 16, 4], "texture": "#0"},
				"west": {"uv": [0, 13, 16, 16], "texture": "#0"},
				"up": {"uv": [0, 3, 16, 4], "rotation": 90, "texture": "#0"},
				"down": {"uv": [0, 3, 16, 4], "rotation": 90, "texture": "#0"}
			}
		},
		{
			"from": [0.1, 13, 0.1],
			"to": [1, 16, 15.8],
			"faces": {
				"north": {"uv": [15, 1, 16, 4], "texture": "#0"},
				"east": {"uv": [0, 13, 16, 16], "texture": "#0"},
				"south": {"uv": [0, 1, 1, 4], "texture": "#0"},
				"west": {"uv": [0, 13, 16, 16], "texture": "#0"},
				"up": {"uv": [0, 3, 16, 4], "rotation": 90, "texture": "#0"},
				"down": {"uv": [0, 3, 16, 4], "rotation": 90, "texture": "#0"}
			}
		},
		{
			"from": [14, 3, 1],
			"to": [15, 16, 3],
			"faces": {
				"north": {"uv": [0, 15, 16, 16], "rotation": 90, "texture": "#0"},
				"east": {"uv": [0, 14, 13, 16], "rotation": 270, "texture": "#0"},
				"south": {"uv": [0, 3, 16, 4], "rotation": 90, "texture": "#0"},
				"west": {"uv": [0, 5, 13, 7], "rotation": 270, "texture": "#0"},
				"up": {"uv": [5, 7, 7, 8], "texture": "#0"},
				"down": {"uv": [6, 11, 8, 12], "rotation": 180, "texture": "#0"}
			}
		},
		{
			"from": [14, 3, 7],
			"to": [15, 16, 9],
			"faces": {
				"north": {"uv": [0, 15, 16, 16], "rotation": 90, "texture": "#0"},
				"east": {"uv": [0, 14, 13, 16], "rotation": 270, "texture": "#0"},
				"south": {"uv": [0, 3, 16, 4], "rotation": 90, "texture": "#0"},
				"west": {"uv": [0, 5, 13, 7], "rotation": 270, "texture": "#0"},
				"up": {"uv": [5, 7, 7, 8], "texture": "#0"},
				"down": {"uv": [6, 11, 8, 12], "rotation": 180, "texture": "#0"}
			}
		},
		{
			"from": [7, 3, 1],
			"to": [9, 16, 2],
			"faces": {
				"north": {"uv": [0, 14, 16, 16], "rotation": 90, "texture": "#0"},
				"east": {"uv": [0, 7, 16, 8], "rotation": 90, "texture": "#0"},
				"south": {"uv": [0, 14, 16, 16], "rotation": 90, "texture": "#0"},
				"west": {"uv": [0, 3, 16, 4], "rotation": 90, "texture": "#0"},
				"up": {"uv": [4, 7, 6, 8], "texture": "#0"},
				"down": {"uv": [9, 3, 11, 4], "rotation": 180, "texture": "#0"}
			}
		},
		{
			"from": [7, 3, 14],
			"to": [9, 16, 15],
			"faces": {
				"north": {"uv": [0, 14, 16, 16], "rotation": 90, "texture": "#0"},
				"east": {"uv": [0, 7, 16, 8], "rotation": 90, "texture": "#0"},
				"south": {"uv": [0, 14, 16, 16], "rotation": 90, "texture": "#0"},
				"west": {"uv": [0, 3, 16, 4], "rotation": 90, "texture": "#0"},
				"up": {"uv": [4, 7, 6, 8], "texture": "#0"},
				"down": {"uv": [9, 3, 11, 4], "rotation": 180, "texture": "#0"}
			}
		},
		{
			"from": [14, 3, 12],
			"to": [15, 16, 14],
			"faces": {
				"north": {"uv": [0, 15, 16, 16], "rotation": 90, "texture": "#0"},
				"east": {"uv": [0, 14, 13, 16], "rotation": 270, "texture": "#0"},
				"south": {"uv": [0, 3, 16, 4], "rotation": 90, "texture": "#0"},
				"west": {"uv": [0, 5, 13, 7], "rotation": 270, "texture": "#0"},
				"up": {"uv": [5, 7, 7, 8], "texture": "#0"},
				"down": {"uv": [6, 11, 8, 12], "rotation": 180, "texture": "#0"}
			}
		},
		{
			"from": [1, 3, 13],
			"to": [2, 16, 15],
			"faces": {
				"north": {"uv": [0, 15, 16, 16], "rotation": 90, "texture": "#0"},
				"east": {"uv": [0, 14, 13, 16], "rotation": 270, "texture": "#0"},
				"south": {"uv": [0, 3, 16, 4], "rotation": 90, "texture": "#0"},
				"west": {"uv": [0, 5, 13, 7], "rotation": 270, "texture": "#0"},
				"up": {"uv": [5, 7, 7, 8], "texture": "#0"},
				"down": {"uv": [6, 11, 8, 12], "rotation": 180, "texture": "#0"}
			}
		},
		{
			"from": [1, 3, 7],
			"to": [2, 16, 9],
			"faces": {
				"north": {"uv": [0, 15, 16, 16], "rotation": 90, "texture": "#0"},
				"east": {"uv": [0, 14, 13, 16], "rotation": 270, "texture": "#0"},
				"south": {"uv": [0, 3, 16, 4], "rotation": 90, "texture": "#0"},
				"west": {"uv": [0, 5, 13, 7], "rotation": 270, "texture": "#0"},
				"up": {"uv": [5, 7, 7, 8], "texture": "#0"},
				"down": {"uv": [6, 11, 8, 12], "rotation": 180, "texture": "#0"}
			}
		},
		{
			"from": [1, 3, 1],
			"to": [2, 16, 3],
			"faces": {
				"north": {"uv": [0, 15, 16, 16], "rotation": 90, "texture": "#0"},
				"east": {"uv": [0, 14, 13, 16], "rotation": 270, "texture": "#0"},
				"south": {"uv": [0, 3, 16, 4], "rotation": 90, "texture": "#0"},
				"west": {"uv": [0, 5, 13, 7], "rotation": 270, "texture": "#0"},
				"up": {"uv": [5, 7, 7, 8], "texture": "#0"},
				"down": {"uv": [6, 11, 8, 12], "rotation": 180, "texture": "#0"}
			}
		},
		{
			"from": [1, 1, 0.1],
			"to": [15, 4, 1],
			"faces": {
				"north": {"uv": [1, 13, 15, 16], "texture": "#0"},
				"east": {"uv": [0, 1, 16, 4], "texture": "#0"},
				"south": {"uv": [1, 13, 15, 16], "texture": "#0"},
				"west": {"uv": [0, 0, 7, 3], "texture": "#0"},
				"up": {"uv": [1, 0, 15, 1], "texture": "#0"},
				"down": {"uv": [1, 4, 15, 5], "texture": "#0"}
			}
		},
		{
			"from": [1, 1, 15],
			"to": [15, 4, 15.9],
			"faces": {
				"north": {"uv": [1, 13, 15, 16], "texture": "#0"},
				"east": {"uv": [0, 1, 16, 4], "texture": "#0"},
				"south": {"uv": [1, 13, 15, 16], "texture": "#0"},
				"west": {"uv": [0, 0, 7, 3], "texture": "#0"},
				"up": {"uv": [1, 15, 15, 16], "texture": "#0"},
				"down": {"uv": [1, 12, 16, 13], "texture": "#0"}
			}
		},
		{
			"from": [1, 7, 0.1],
			"to": [15, 10, 1],
			"faces": {
				"north": {"uv": [1, 5, 15, 8], "texture": "#0"},
				"east": {"uv": [0, 1, 16, 4], "texture": "#0"},
				"south": {"uv": [1, 7, 15, 10], "texture": "#0"},
				"west": {"uv": [0, 0, 7, 3], "texture": "#0"},
				"up": {"uv": [1, 0, 15, 1], "texture": "#0"},
				"down": {"uv": [0, 9, 14, 10], "texture": "#0"}
			}
		},
		{
			"from": [1, 7, 15],
			"to": [15, 10, 15.9],
			"faces": {
				"north": {"uv": [1, 7, 15, 10], "texture": "#0"},
				"east": {"uv": [0, 1, 16, 4], "texture": "#0"},
				"south": {"uv": [1, 5, 15, 8], "texture": "#0"},
				"west": {"uv": [0, 0, 7, 3], "texture": "#0"},
				"up": {"uv": [1, 15, 15, 16], "texture": "#0"},
				"down": {"uv": [1, 9, 16, 10], "texture": "#0"}
			}
		},
		{
			"from": [1, 13, 0.1],
			"to": [15, 16, 1],
			"faces": {
				"north": {"uv": [1, 1, 15, 4], "texture": "#0"},
				"east": {"uv": [0, 1, 16, 4], "texture": "#0"},
				"south": {"uv": [1, 1, 15, 4], "texture": "#0"},
				"west": {"uv": [0, 0, 7, 3], "texture": "#0"},
				"up": {"uv": [1, 0, 15, 1], "texture": "#0"},
				"down": {"uv": [1, 1, 15, 2], "texture": "#0"}
			}
		},
		{
			"from": [5, 16, 0.1],
			"to": [7, 17, 15.8],
			"faces": {
				"north": {"uv": [2, 3, 4, 4], "texture": "#0"},
				"east": {"uv": [0, 7, 14, 8], "texture": "#0"},
				"south": {"uv": [2, 3, 4, 4], "texture": "#0"},
				"west": {"uv": [0, 7, 14, 8], "texture": "#0"},
				"up": {"uv": [0, 9, 16, 11], "rotation": 90, "texture": "#0"},
				"down": {"uv": [0, 1, 16, 3], "rotation": 90, "texture": "#0"}
			}
		},
		{
			"from": [5, 0, 0.1],
			"to": [7, 1, 15.8],
			"faces": {
				"north": {"uv": [7, 3, 9, 4], "texture": "#0"},
				"east": {"uv": [0, 7, 16, 8], "texture": "#0"},
				"south": {"uv": [2, 3, 4, 4], "texture": "#0"},
				"west": {"uv": [0, 15, 16, 16], "texture": "#0"},
				"up": {"uv": [0, 14, 16, 16], "rotation": 90, "texture": "#0"},
				"down": {"uv": [0, 9, 16, 11], "rotation": 90, "texture": "#0"}
			}
		},
		{
			"from": [9, 16, 0.1],
			"to": [11, 17, 15.8],
			"faces": {
				"north": {"uv": [2, 3, 4, 4], "texture": "#0"},
				"east": {"uv": [0, 7, 14, 8], "texture": "#0"},
				"south": {"uv": [2, 3, 4, 4], "texture": "#0"},
				"west": {"uv": [0, 7, 14, 8], "texture": "#0"},
				"up": {"uv": [0, 13, 16, 15], "rotation": 90, "texture": "#0"},
				"down": {"uv": [0, 1, 16, 3], "rotation": 90, "texture": "#0"}
			}
		},
		{
			"from": [9, 0, 0.1],
			"to": [11, 1, 15.8],
			"faces": {
				"north": {"uv": [7, 3, 9, 4], "texture": "#0"},
				"east": {"uv": [0, 7, 16, 8], "texture": "#0"},
				"south": {"uv": [2, 3, 4, 4], "texture": "#0"},
				"west": {"uv": [0, 15, 16, 16], "texture": "#0"},
				"up": {"uv": [0, 14, 16, 16], "rotation": 90, "texture": "#0"},
				"down": {"uv": [0, 9, 16, 11], "rotation": 90, "texture": "#0"}
			}
		},
		{
			"from": [13, 16, 0.1],
			"to": [15, 17, 15.8],
			"faces": {
				"north": {"uv": [2, 3, 4, 4], "texture": "#0"},
				"east": {"uv": [0, 7, 14, 8], "texture": "#0"},
				"south": {"uv": [2, 3, 4, 4], "texture": "#0"},
				"west": {"uv": [0, 7, 14, 8], "texture": "#0"},
				"up": {"uv": [0, 8, 16, 10], "rotation": 90, "texture": "#0"},
				"down": {"uv": [0, 1, 16, 3], "rotation": 90, "texture": "#0"}
			}
		},
		{
			"from": [13, 0, 0.1],
			"to": [15, 1, 15.8],
			"faces": {
				"north": {"uv": [7, 3, 9, 4], "texture": "#0"},
				"east": {"uv": [0, 7, 16, 8], "texture": "#0"},
				"south": {"uv": [2, 3, 4, 4], "texture": "#0"},
				"west": {"uv": [0, 15, 16, 16], "texture": "#0"},
				"up": {"uv": [0, 14, 16, 16], "rotation": 90, "texture": "#0"},
				"down": {"uv": [0, 9, 16, 11], "rotation": 90, "texture": "#0"}
			}
		},
		{
			"from": [1, 16, 0.1],
			"to": [3, 17, 15.8],
			"faces": {
				"north": {"uv": [2, 3, 4, 4], "texture": "#0"},
				"east": {"uv": [0, 7, 14, 8], "texture": "#0"},
				"south": {"uv": [2, 3, 4, 4], "texture": "#0"},
				"west": {"uv": [0, 7, 14, 8], "texture": "#0"},
				"up": {"uv": [0, 1, 16, 3], "rotation": 90, "texture": "#0"},
				"down": {"uv": [0, 1, 16, 3], "rotation": 90, "texture": "#0"}
			}
		},
		{
			"from": [1, 0, 0.1],
			"to": [3, 1, 15.8],
			"faces": {
				"north": {"uv": [7, 3, 9, 4], "texture": "#0"},
				"east": {"uv": [0, 7, 16, 8], "texture": "#0"},
				"south": {"uv": [2, 3, 4, 4], "texture": "#0"},
				"west": {"uv": [0, 15, 16, 16], "texture": "#0"},
				"up": {"uv": [0, 14, 16, 16], "rotation": 90, "texture": "#0"},
				"down": {"uv": [0, 9, 16, 11], "rotation": 90, "texture": "#0"}
			}
		},
		{
			"from": [1, 13, 15],
			"to": [15, 16, 15.9],
			"faces": {
				"north": {"uv": [1, 1, 15, 4], "texture": "#0"},
				"east": {"uv": [0, 1, 16, 4], "texture": "#0"},
				"south": {"uv": [1, 1, 15, 4], "texture": "#0"},
				"west": {"uv": [0, 0, 7, 3], "texture": "#0"},
				"up": {"uv": [1, 15, 15, 16], "texture": "#0"},
				"down": {"uv": [1, 5, 16, 6], "texture": "#0"}
			}
		}
	],
	"display": {
		"thirdperson_righthand": {
			"rotation": [75, 45, 0],
			"translation": [0, 2.5, 0],
			"scale": [0.375, 0.375, 0.375]
		},
		"thirdperson_lefthand": {
			"rotation": [75, 45, 0],
			"translation": [0, 2.5, 0],
			"scale": [0.375, 0.375, 0.375]
		},
		"firstperson_righthand": {
			"rotation": [0, 45, 0],
			"scale": [0.4, 0.4, 0.4]
		},
		"firstperson_lefthand": {
			"rotation": [0, 225, 0],
			"scale": [0.4, 0.4, 0.4]
		},
		"ground": {
			"translation": [0, 3, 0],
			"scale": [0.25, 0.25, 0.25]
		},
		"gui": {
			"rotation": [30, 225, 0],
			"scale": [0.625, 0.625, 0.625]
		},
		"fixed": {
			"scale": [0.5, 0.5, 0.5]
		}
	},
	"groups": [
		{
			"name": "crate",
			"origin": [0, 0, 0],
			"children": [0, 1, 2, 3, 4, 5, 6, 7, 8, 9, 10, 11, 12, 13, 14, 15, 16, 17, 18, 19, 20, 21, 22, 23, 24, 25, 26, 27]
		}
	]
}