{
	"credit": "Made with Blockbench",
	"textures": {
		"2": "entity/bell/bell_body"
	},
	"elements": [
		{
			"from": [7, 1, 7],
			"to": [9, 3.4, 9],
			"faces": {
				"north": {"uv": [10.5, 7, 11.5, 8], "texture": "#2"},
				"east": {"uv": [10.5, 7, 11.5, 8], "texture": "#2"},
				"south": {"uv": [10.5, 7, 11.5, 8], "texture": "#2"},
				"west": {"uv": [10.5, 7, 11.5, 8], "texture": "#2"},
				"up": {"uv": [5, 10, 11, 6], "texture": "#missing"},
				"down": {"uv": [4.5, 9, 5.5, 10], "texture": "#2", "cullface": "down"}
			}
		},
		{
			"from": [6, 3.1, 6],
			"to": [10, 4.1, 10],
			"faces": {
				"north": {"uv": [5, 6, 7, 6.5], "texture": "#2"},
				"east": {"uv": [5, 6, 7, 6.5], "texture": "#2"},
				"south": {"uv": [5, 6, 7, 6.5], "texture": "#2"},
				"west": {"uv": [5, 6, 7, 6.5], "texture": "#2"},
				"up": {"uv": [6.5, 6.5, 8.5, 4.5], "texture": "#2"},
				"down": {"uv": [6.5, 0.5, 8.5, 2.5], "texture": "#2"}
			}
		},
		{
			"from": [7.7, 4.1, 7.6],
			"to": [8.3, 4.7, 8.3],
			"faces": {
				"north": {"uv": [7, 5, 7.5, 4.5], "texture": "#2"},
				"east": {"uv": [5.5, 5, 6, 4.5], "texture": "#2"},
				"south": {"uv": [7, 5, 7.5, 4.5], "texture": "#2"},
				"west": {"uv": [7, 5, 7.5, 4.5], "texture": "#2"},
				"up": {"uv": [7, 5, 7.5, 4.5], "texture": "#2"},
				"down": {"uv": [5, 6, 11, 10], "texture": "#missing", "cullface": "down"}
			}
		},
		{
			"from": [4.7, 0, 5.6],
			"to": [5.7, 1, 10.3],
			"faces": {
				"north": {"uv": [10, 9.5, 10.5, 10], "texture": "#2"},
				"east": {"uv": [6, 14, 10, 16], "texture": "#missing"},
				"south": {"uv": [10, 9.5, 10.5, 10], "texture": "#2"},
				"west": {"uv": [9, 9, 11, 9.5], "texture": "#2"},
				"up": {"uv": [7, 9.5, 7.5, 7.5], "texture": "#2"},
				"down": {"uv": [10, 9.5, 10.5, 10], "texture": "#2"}
			}
		},
		{
			"from": [5.7, 0, 5.6],
			"to": [10.3, 1, 10.3],
			"faces": {
				"north": {"uv": [5, 14, 11, 16], "texture": "#missing"},
				"east": {"uv": [6, 14, 10, 16], "texture": "#missing"},
				"south": {"uv": [5, 14, 11, 16], "texture": "#missing"},
				"west": {"uv": [6, 14, 10, 16], "texture": "#missing"},
				"up": {"uv": [5, 9.5, 7, 7.5], "texture": "#2"},
				"down": {"uv": [10, 9.5, 10.5, 10], "texture": "#2"}
			}
		},
		{
			"from": [5, 1.1, 6],
			"to": [6, 3.1, 10],
			"faces": {
				"north": {"uv": [11.5, 8.5, 12, 9.5], "texture": "#2"},
				"east": {"uv": [8, 5.5, 10, 6.5], "texture": "#2"},
				"south": {"uv": [11.5, 8.5, 12, 9.5], "texture": "#2"},
				"west": {"uv": [9.5, 5.5, 11.5, 6.5], "texture": "#2"},
				"up": {"uv": [8, 0.5, 8.5, 2.5], "texture": "#2"},
				"down": {"uv": [11.5, 6.5, 12, 8], "texture": "#2", "cullface": "down"}
			}
		},
		{
			"from": [10.3, 0, 5.6],
			"to": [11.3, 1, 10.3],
			"faces": {
				"north": {"uv": [10, 9.5, 10.5, 10], "texture": "#2"},
				"east": {"uv": [5, 8, 7, 7.5], "texture": "#2"},
				"south": {"uv": [10, 9.5, 10.5, 10], "texture": "#2"},
				"west": {"uv": [6, 14, 10, 16], "texture": "#missing"},
				"up": {"uv": [7, 9.5, 7.5, 7.5], "texture": "#2"},
				"down": {"uv": [10, 9.5, 10.5, 10], "texture": "#2"}
			}
		},
		{
			"from": [10, 1.1, 6],
			"to": [11, 3.1, 10],
			"faces": {
				"north": {"uv": [11.5, 8.5, 12, 9.5], "texture": "#2"},
				"east": {"uv": [9.5, 5.5, 11.5, 6.5], "texture": "#2"},
				"south": {"uv": [11.5, 8.5, 12, 9.5], "texture": "#2"},
				"west": {"uv": [8, 5.5, 10, 6.5], "texture": "#2"},
				"up": {"uv": [8, 0.5, 8.5, 2.5], "texture": "#2"},
				"down": {"uv": [11.5, 6.5, 12, 8], "texture": "#2", "cullface": "down"}
			}
		},
		{
			"from": [5.7, 0, 10.3],
			"to": [10.3, 1, 11.3],
			"faces": {
				"north": {"uv": [5, 14, 11, 16], "texture": "#missing"},
				"east": {"uv": [10, 9.5, 10.5, 10], "texture": "#2"},
				"south": {"uv": [9, 9, 11, 9.5], "texture": "#2"},
				"west": {"uv": [10, 9.5, 10.5, 10], "texture": "#2"},
				"up": {"uv": [5, 7.5, 7, 7], "texture": "#2"},
				"down": {"uv": [10, 9.5, 10.5, 10], "texture": "#2"}
			}
		},
		{
			"from": [6, 1.1, 10],
			"to": [10, 3.1, 11],
			"faces": {
				"north": {"uv": [8, 5.5, 10, 6.5], "texture": "#2"},
				"east": {"uv": [11.5, 8.5, 12, 9.5], "texture": "#2"},
				"south": {"uv": [9.5, 5.5, 11.5, 6.5], "texture": "#2"},
				"west": {"uv": [11.5, 8.5, 12, 9.5], "texture": "#2"},
				"up": {"uv": [8.5, 2.5, 6.5, 2], "texture": "#2"},
				"down": {"uv": [7, 6.5, 9, 7], "texture": "#2", "cullface": "down"}
			}
		},
		{
			"from": [5.7, 0, 4.6],
			"to": [10.3, 1, 5.6],
			"faces": {
				"north": {"uv": [5, 8, 7, 7.5], "texture": "#2"},
				"east": {"uv": [10, 9.5, 10.5, 10], "texture": "#2"},
				"south": {"uv": [5, 14, 11, 16], "texture": "#missing"},
				"west": {"uv": [10, 9.5, 10.5, 10], "texture": "#2"},
				"up": {"uv": [5, 7.5, 7, 7], "texture": "#2"},
				"down": {"uv": [10, 9.5, 10.5, 10], "texture": "#2"}
			}
		},
		{
			"from": [6, 1.1, 5],
			"to": [10, 3.1, 6],
			"faces": {
				"north": {"uv": [9.5, 5.5, 11.5, 6.5], "texture": "#2"},
				"east": {"uv": [11.5, 8.5, 12, 9.5], "texture": "#2"},
				"south": {"uv": [8, 5.5, 10, 6.5], "texture": "#2"},
				"west": {"uv": [11.5, 8.5, 12, 9.5], "texture": "#2"},
				"up": {"uv": [8.5, 2.5, 6.5, 2], "texture": "#2"},
				"down": {"uv": [7, 6.5, 9, 7], "texture": "#2", "cullface": "down"}
			}
		}
	],
	"display": {
		"ground": {
			"translation": [0, 8, 0]
		},
        "head": {
            "translation": [0, 0, 0],
            "rotation": [90, 0, 0]
        },
        "thirdperson_righthand": {
            "translation": [-0.01, 2.86, 23.5],
            "rotation": [90, 0, 0],
            "scale": [1.25, 1.25, 1.25]
        }
	}
}