{
	"credit": "Made with Blockbench",
	"textures": {
		"0": "custom/bunsy-2_copy_6",
		"1": "custom/bunsy-2_copy_4",
		"particle": "custom/bunsy-2_copy_6"
	},
	"elements": [
		{
			"from": [6, -1, 10],
			"to": [10, 0, 15],
			"faces": {
				"north": {"uv": [8, 10.28571, 10, 11.28571], "rotation": 180, "texture": "#0"},
				"east": {"uv": [8, 10.28571, 10, 11.28571], "rotation": 180, "texture": "#0"},
				"south": {"uv": [8, 10.28571, 12, 11.28571], "rotation": 180, "texture": "#0"},
				"west": {"uv": [8, 10.28571, 10, 11.28571], "rotation": 180, "texture": "#0"},
				"up": {"uv": [12, 5.71429, 8, 10.71429], "texture": "#1"},
				"down": {"uv": [5.71429, 1.14286, 10.28571, 6.85714], "texture": "#0"}
			}
		},
		{
			"from": [1, -1, 6],
			"to": [6, 0, 10],
			"faces": {
				"north": {"uv": [8, 10.28571, 10, 11.28571], "rotation": 180, "texture": "#0"},
				"east": {"uv": [8, 10.28571, 10, 11.28571], "rotation": 180, "texture": "#0"},
				"south": {"uv": [8, 10.28571, 13, 11.28571], "rotation": 180, "texture": "#0"},
				"west": {"uv": [8, 10.28571, 10, 11.28571], "rotation": 180, "texture": "#0"},
				"up": {"uv": [13, 5.71429, 8, 9.71429], "texture": "#1"},
				"down": {"uv": [1.14286, 5.71429, 6.85714, 10.28571], "texture": "#0"}
			}
		},
		{
			"from": [10, -1, 6],
			"to": [15, 0, 10],
			"faces": {
				"north": {"uv": [8, 10.28571, 10, 11.28571], "rotation": 180, "texture": "#0"},
				"east": {"uv": [8, 10.28571, 10, 11.28571], "rotation": 180, "texture": "#0"},
				"south": {"uv": [8, 10.28571, 13, 11.28571], "rotation": 180, "texture": "#0"},
				"west": {"uv": [8, 10.28571, 10, 11.28571], "rotation": 180, "texture": "#0"},
				"up": {"uv": [13, 5.71429, 8, 9.71429], "texture": "#1"},
				"down": {"uv": [9.14286, 5.71429, 14.85714, 10.28571], "texture": "#0"}
			}
		},
		{
			"from": [10, -1, 10],
			"to": [12, 0, 14],
			"faces": {
				"north": {"uv": [8, 10.28571, 10, 11.28571], "rotation": 180, "texture": "#0"},
				"east": {"uv": [8, 10.28571, 10, 11.28571], "rotation": 180, "texture": "#0"},
				"south": {"uv": [8, 10.28571, 10, 11.28571], "rotation": 180, "texture": "#0"},
				"west": {"uv": [8, 10.28571, 10, 11.28571], "rotation": 180, "texture": "#0"},
				"up": {"uv": [10, 5.71429, 8, 9.71429], "texture": "#1"},
				"down": {"uv": [10.28571, 2.28571, 12.57143, 6.85714], "texture": "#0"}
			}
		},
		{
			"from": [12, -1, 10],
			"to": [14, 0, 12],
			"faces": {
				"north": {"uv": [8, 10.28571, 10, 11.28571], "rotation": 180, "texture": "#0"},
				"east": {"uv": [8, 10.28571, 10, 11.28571], "rotation": 180, "texture": "#0"},
				"south": {"uv": [8, 10.28571, 10, 11.28571], "rotation": 180, "texture": "#0"},
				"west": {"uv": [8, 10.28571, 10, 11.28571], "rotation": 180, "texture": "#0"},
				"up": {"uv": [10, 5.71429, 8, 7.71429], "texture": "#1"},
				"down": {"uv": [11.42857, 3.42857, 13.42857, 5.42857], "texture": "#0"}
			}
		},
		{
			"from": [12, -1, 12],
			"to": [13, 0, 13],
			"faces": {
				"north": {"uv": [8, 10.28571, 10, 11.28571], "rotation": 180, "texture": "#0"},
				"east": {"uv": [8, 10.28571, 10, 11.28571], "rotation": 180, "texture": "#0"},
				"south": {"uv": [8, 10.28571, 9, 11.28571], "rotation": 180, "texture": "#0"},
				"west": {"uv": [8, 10.28571, 10, 11.28571], "rotation": 180, "texture": "#0"},
				"up": {"uv": [9, 5.71429, 8, 6.71429], "texture": "#1"},
				"down": {"uv": [12.42857, 4.42857, 11.42857, 3.42857], "texture": "#0"}
			}
		},
		{
			"from": [12, -1, 3],
			"to": [13, 0, 4],
			"faces": {
				"north": {"uv": [8, 10.28571, 10, 11.28571], "rotation": 180, "texture": "#0"},
				"east": {"uv": [8, 10.28571, 10, 11.28571], "rotation": 180, "texture": "#0"},
				"south": {"uv": [8, 10.28571, 9, 11.28571], "rotation": 180, "texture": "#0"},
				"west": {"uv": [8, 10.28571, 10, 11.28571], "rotation": 180, "texture": "#0"},
				"up": {"uv": [9, 5.71429, 8, 6.71429], "texture": "#1"},
				"down": {"uv": [13.57143, 12.42857, 12.57143, 11.42857], "texture": "#0"}
			}
		},
		{
			"from": [10, -1, 2],
			"to": [12, 0, 6],
			"faces": {
				"north": {"uv": [8, 10.28571, 10, 11.28571], "rotation": 180, "texture": "#0"},
				"east": {"uv": [8, 10.28571, 10, 11.28571], "rotation": 180, "texture": "#0"},
				"south": {"uv": [8, 10.28571, 10, 11.28571], "rotation": 180, "texture": "#0"},
				"west": {"uv": [8, 10.28571, 10, 11.28571], "rotation": 180, "texture": "#0"},
				"up": {"uv": [10, 5.71429, 8, 9.71429], "texture": "#1"},
				"down": {"uv": [10.28571, 9.14286, 12.57143, 13.71429], "texture": "#0"}
			}
		},
		{
			"from": [12, -1, 4],
			"to": [14, 0, 6],
			"faces": {
				"north": {"uv": [8, 10.28571, 10, 11.28571], "rotation": 180, "texture": "#0"},
				"east": {"uv": [8, 10.28571, 10, 11.28571], "rotation": 180, "texture": "#0"},
				"south": {"uv": [8, 10.28571, 10, 11.28571], "rotation": 180, "texture": "#0"},
				"west": {"uv": [8, 10.28571, 10, 11.28571], "rotation": 180, "texture": "#0"},
				"up": {"uv": [10, 5.71429, 8, 7.71429], "texture": "#1"},
				"down": {"uv": [11.42857, 10.28571, 13.42857, 12.28571], "texture": "#0"}
			}
		},
		{
			"from": [4, -1, 2],
			"to": [6, 0, 6],
			"faces": {
				"north": {"uv": [8, 10.28571, 10, 11.28571], "rotation": 180, "texture": "#0"},
				"east": {"uv": [8, 10.28571, 10, 11.28571], "rotation": 180, "texture": "#0"},
				"south": {"uv": [8, 10.28571, 10, 11.28571], "rotation": 180, "texture": "#0"},
				"west": {"uv": [8, 10.28571, 10, 11.28571], "rotation": 180, "texture": "#0"},
				"up": {"uv": [10, 5.71429, 8, 9.71429], "texture": "#1"},
				"down": {"uv": [3.42857, 9.14286, 5.71429, 13.71429], "texture": "#0"}
			}
		},
		{
			"from": [2, -1, 4],
			"to": [4, 0, 6],
			"faces": {
				"north": {"uv": [8, 10.28571, 10, 11.28571], "rotation": 180, "texture": "#0"},
				"east": {"uv": [8, 10.28571, 10, 11.28571], "rotation": 180, "texture": "#0"},
				"south": {"uv": [8, 10.28571, 10, 11.28571], "rotation": 180, "texture": "#0"},
				"west": {"uv": [8, 10.28571, 10, 11.28571], "rotation": 180, "texture": "#0"},
				"up": {"uv": [10, 5.71429, 8, 7.71429], "texture": "#1"},
				"down": {"uv": [2.28571, 12.57143, 4.57143, 10.28571], "texture": "#0"}
			}
		},
		{
			"from": [4, -1, 10],
			"to": [6, 0, 14],
			"faces": {
				"north": {"uv": [8, 10.28571, 10, 11.28571], "rotation": 180, "texture": "#0"},
				"east": {"uv": [8, 10.28571, 10, 11.28571], "rotation": 180, "texture": "#0"},
				"south": {"uv": [8, 10.28571, 10, 11.28571], "rotation": 180, "texture": "#0"},
				"west": {"uv": [8, 10.28571, 10, 11.28571], "rotation": 180, "texture": "#0"},
				"up": {"uv": [10, 5.71429, 8, 9.71429], "texture": "#1"},
				"down": {"uv": [5.71429, 2.28571, 3.42857, 6.85714], "texture": "#0"}
			}
		},
		{
			"from": [2, -1, 10],
			"to": [4, 0, 12],
			"faces": {
				"north": {"uv": [8, 10.28571, 10, 11.28571], "rotation": 180, "texture": "#0"},
				"east": {"uv": [8, 10.28571, 10, 11.28571], "rotation": 180, "texture": "#0"},
				"south": {"uv": [8, 10.28571, 10, 11.28571], "rotation": 180, "texture": "#0"},
				"west": {"uv": [8, 10.28571, 10, 11.28571], "rotation": 180, "texture": "#0"},
				"up": {"uv": [10, 5.71429, 8, 7.71429], "texture": "#1"},
				"down": {"uv": [2.28571, 5.42857, 4.28571, 3.42857], "texture": "#0"}
			}
		},
		{
			"from": [3, -1, 12],
			"to": [4, 0, 13],
			"faces": {
				"north": {"uv": [8, 10.28571, 10, 11.28571], "rotation": 180, "texture": "#0"},
				"east": {"uv": [8, 10.28571, 10, 11.28571], "rotation": 180, "texture": "#0"},
				"south": {"uv": [8, 10.28571, 9, 11.28571], "rotation": 180, "texture": "#0"},
				"west": {"uv": [8, 10.28571, 10, 11.28571], "rotation": 180, "texture": "#0"},
				"up": {"uv": [9, 5.71429, 8, 6.71429], "texture": "#1"},
				"down": {"uv": [5.57143, 3.28571, 4.57143, 2.28571], "texture": "#0"}
			}
		},
		{
			"from": [3, -1, 3],
			"to": [4, 0, 4],
			"faces": {
				"north": {"uv": [8, 10.28571, 10, 11.28571], "rotation": 180, "texture": "#0"},
				"east": {"uv": [8, 10.28571, 10, 11.28571], "rotation": 180, "texture": "#0"},
				"south": {"uv": [8, 10.28571, 9, 11.28571], "rotation": 180, "texture": "#0"},
				"west": {"uv": [8, 10.28571, 10, 11.28571], "rotation": 180, "texture": "#0"},
				"up": {"uv": [9, 5.71429, 8, 6.71429], "texture": "#1"},
				"down": {"uv": [3.28571, 12.42857, 2.28571, 11.42857], "texture": "#0"}
			}
		},
		{
			"from": [6, -1, 6],
			"to": [10, 0, 10],
			"faces": {
				"north": {"uv": [12, 9, 16, 10], "rotation": 180, "texture": "#missing"},
				"east": {"uv": [0, 9, 4, 10], "rotation": 180, "texture": "#missing"},
				"south": {"uv": [4, 9, 8, 10], "rotation": 180, "texture": "#missing"},
				"west": {"uv": [8, 9, 12, 10], "rotation": 180, "texture": "#missing"},
				"up": {"uv": [12, 5.71429, 8, 9.71429], "texture": "#1"},
				"down": {"uv": [10.28571, 10.28571, 5.71429, 5.71429], "texture": "#0"}
			}
		},
		{
			"from": [6, -1, 1],
			"to": [10, 0, 6],
			"faces": {
				"north": {"uv": [8, 10.28571, 10, 11.28571], "rotation": 180, "texture": "#0"},
				"east": {"uv": [8, 10.28571, 10, 11.28571], "rotation": 180, "texture": "#0"},
				"south": {"uv": [8, 10.28571, 12, 11.28571], "rotation": 180, "texture": "#0"},
				"west": {"uv": [8, 10.28571, 10, 11.28571], "rotation": 180, "texture": "#0"},
				"up": {"uv": [12, 5.71429, 8, 10.71429], "texture": "#1"},
				"down": {"uv": [5.71429, 9.14286, 10.28571, 14.85714], "texture": "#0"}
			}
		}
	],
	"display": {
		"thirdperson_righthand": {
			"rotation": [90, 0, 0],
			"translation": [0, 3, 7],
			"scale": [0.65, 0.7, 0.65]
		},
		"ground": {
			"translation": [0, 11.5, 0]
		},
		"gui": {
			"translation": [0, 4.75, 0]
		}
	},
	"groups": [
		{
			"name": "group",
			"origin": [0, 0, 0],
			"color": 0,
			"children": [0, 1, 2, 3, 4, 5, 6, 7, 8, 9, 10, 11, 12, 13, 14, 15, 16]
		}
	]
}