{
	"credit": "Made with Blockbench",
	"textures": {
		"0": "custom/tophat1",
		"1": "custom/tophat2",
		"particle": "custom/tophat1"
	},
	"elements": [
		{
			"from": [5, 0, 4],
			"to": [5, 7, 11],
			"rotation": {"angle": 0, "axis": "y", "origin": [13, 8, 12]},
			"faces": {
				"north": {"uv": [0, 7, 7, 14], "texture": "#0"},
				"east": {"uv": [0, 0, 7, 7], "texture": "#0"},
				"south": {"uv": [0, 7, 7, 14], "texture": "#0"},
				"west": {"uv": [0, 7, 7, 14], "texture": "#0"},
				"up": {"uv": [0, 0, 7, 7], "texture": "#0"},
				"down": {"uv": [7, 7, 14, 14], "texture": "#0"}
			}
		},
		{
			"from": [12, 0, 4],
			"to": [12, 7, 11],
			"rotation": {"angle": 0, "axis": "y", "origin": [20, 8, 12]},
			"faces": {
				"north": {"uv": [0, 7, 7, 14], "texture": "#0"},
				"east": {"uv": [0, 7, 7, 14], "texture": "#0"},
				"south": {"uv": [0, 7, 7, 14], "texture": "#0"},
				"west": {"uv": [0, 0, 7, 7], "texture": "#0"},
				"up": {"uv": [0, 0, 7, 7], "texture": "#0"},
				"down": {"uv": [7, 7, 14, 14], "texture": "#0"}
			}
		},
		{
			"from": [5, 0, 11],
			"to": [12, 7, 11],
			"rotation": {"angle": 0, "axis": "y", "origin": [20, 8, 12]},
			"faces": {
				"north": {"uv": [0, 7, 7, 14], "texture": "#0"},
				"east": {"uv": [0, 7, 7, 14], "texture": "#0"},
				"south": {"uv": [0, 7, 7, 14], "texture": "#0"},
				"west": {"uv": [0, 7, 7, 14], "texture": "#0"},
				"up": {"uv": [0, 0, 7, 7], "texture": "#0"},
				"down": {"uv": [7, 7, 14, 14], "texture": "#0"}
			}
		},
		{
			"from": [5, 0, 4],
			"to": [12, 7, 4],
			"rotation": {"angle": 0, "axis": "y", "origin": [20, 8, 5]},
			"faces": {
				"north": {"uv": [0, 7, 7, 14], "texture": "#0"},
				"east": {"uv": [0, 7, 7, 14], "texture": "#0"},
				"south": {"uv": [0, 0, 7, 7], "texture": "#0"},
				"west": {"uv": [0, 7, 7, 14], "texture": "#0"},
				"up": {"uv": [0, 0, 7, 7], "texture": "#0"},
				"down": {"uv": [7, 7, 14, 14], "texture": "#0"}
			}
		},
		{
			"from": [5, 7, 4],
			"to": [12, 7, 11],
			"rotation": {"angle": 0, "axis": "y", "origin": [20, 8, 5]},
			"faces": {
				"north": {"uv": [0, 7, 7, 14], "texture": "#0"},
				"east": {"uv": [0, 7, 7, 14], "texture": "#0"},
				"south": {"uv": [0, 7, 7, 14], "texture": "#0"},
				"west": {"uv": [0, 7, 7, 14], "texture": "#0"},
				"up": {"uv": [0, 0, 7, 7], "texture": "#0"},
				"down": {"uv": [0, 0, 7, 7], "texture": "#0"}
			}
		},
		{
			"from": [3, 0, 2],
			"to": [14, 0, 13],
			"rotation": {"angle": 0, "axis": "y", "origin": [13, 8, 12]},
			"faces": {
				"north": {"uv": [0, 0, 11, 0], "texture": "#missing"},
				"east": {"uv": [0, 0, 11, 0], "texture": "#missing"},
				"south": {"uv": [0, 0, 11, 0], "texture": "#missing"},
				"west": {"uv": [0, 0, 11, 0], "texture": "#missing"},
				"up": {"uv": [0, 0, 11, 11], "texture": "#1"},
				"down": {"uv": [0, 0, 11, 11], "texture": "#1"}
			}
		}
	],
	"display": {
		"thirdperson_righthand": {
			"translation": [0, 3.5, -3.5]
		},
		"thirdperson_lefthand": {
			"translation": [0, 2, -3]
		},
		"firstperson_righthand": {
			"translation": [0, 6, 0]
		},
		"firstperson_lefthand": {
			"translation": [0, 8, 0]
		},
		"ground": {
			"translation": [0, 7.75, 0],
			"scale": [1.3, 1.3, 1.3]
		},
		"gui": {
			"rotation": [24.25, -44.25, 0],
			"translation": [-0.75, 6.25, 0],
			"scale": [1.3, 1.3, 1.3]
		},
		"head": {
			"rotation": [11, 0, 0],
			"translation": [-1, 19.5, 3.75],
			"scale": [1.9, 1.9, 1.9]
		},
		"fixed": {
			"rotation": [-90, 0, 0],
			"translation": [-1, 0.5, -15],
			"scale": [2, 2, 2]
		}
	}
}