{
	"credit": "Made with Blockbench",
	"textures": {
		"0": "block/spruce_planks",
		"particle": "block/spruce_planks"
	},
	"elements": [
		{
			"from": [1, 0, 2],
			"to": [2, 1, 14],
			"faces": {
				"north": {"uv": [6, 15, 7, 16], "texture": "#0"},
				"east": {"uv": [0, 0, 12, 1], "texture": "#missing"},
				"south": {"uv": [3, 7, 4, 8], "texture": "#0"},
				"west": {"uv": [1, 7, 13, 8], "texture": "#0"},
				"up": {"uv": [6, 2, 7, 14], "texture": "#0"},
				"down": {"uv": [0, 1, 1, 13], "texture": "#0"}
			}
		},
		{
			"from": [14, 0, 2],
			"to": [15, 1, 14],
			"faces": {
				"north": {"uv": [6, 15, 7, 16], "texture": "#0"},
				"east": {"uv": [2, 11, 14, 12], "texture": "#0"},
				"south": {"uv": [3, 7, 4, 8], "texture": "#0"},
				"west": {"uv": [1, 7, 13, 8], "texture": "#0"},
				"up": {"uv": [6, 2, 7, 14], "texture": "#0"},
				"down": {"uv": [0, 1, 1, 13], "texture": "#0"}
			}
		},
		{
			"from": [13, 0, 1],
			"to": [14, 1, 6],
			"faces": {
				"north": {"uv": [6, 15, 7, 16], "texture": "#0"},
				"east": {"uv": [3, 7, 8, 8], "texture": "#0"},
				"south": {"uv": [3, 7, 4, 8], "texture": "#0"},
				"west": {"uv": [1, 7, 6, 8], "texture": "#0"},
				"up": {"uv": [6, 1, 7, 6], "texture": "#0"},
				"down": {"uv": [12, 1, 13, 6], "texture": "#0"}
			}
		},
		{
			"from": [13, 0, 10],
			"to": [14, 1, 15],
			"faces": {
				"north": {"uv": [6, 15, 7, 16], "texture": "#0"},
				"east": {"uv": [0, 7, 5, 8], "texture": "#0"},
				"south": {"uv": [3, 7, 4, 8], "texture": "#0"},
				"west": {"uv": [1, 7, 6, 8], "texture": "#0"},
				"up": {"uv": [6, 2, 7, 7], "texture": "#0"},
				"down": {"uv": [0, 0, 1, 5], "texture": "#0"}
			}
		},
		{
			"from": [2, 0, 1],
			"to": [3, 1, 15],
			"faces": {
				"north": {"uv": [6, 15, 7, 16], "texture": "#0"},
				"east": {"uv": [1, 3, 15, 4], "texture": "#0"},
				"south": {"uv": [3, 7, 4, 8], "texture": "#0"},
				"west": {"uv": [1, 7, 15, 8], "texture": "#0"},
				"up": {"uv": [6, 0, 7, 14], "rotation": 180, "texture": "#0"},
				"down": {"uv": [0, 1, 1, 15], "rotation": 180, "texture": "#0"}
			}
		},
		{
			"from": [3, 0, 1],
			"to": [13, 1, 2],
			"faces": {
				"north": {"uv": [6, 15, 16, 16], "texture": "#0"},
				"east": {"uv": [0, 0, 1, 1], "texture": "#missing"},
				"south": {"uv": [3, 7, 13, 8], "texture": "#0"},
				"west": {"uv": [1, 7, 2, 8], "texture": "#0"},
				"up": {"uv": [6, 1, 16, 2], "texture": "#0"},
				"down": {"uv": [0, 0, 10, 1], "texture": "#0"}
			}
		},
		{
			"from": [3, 0, 14],
			"to": [13, 1, 15],
			"faces": {
				"north": {"uv": [6, 15, 16, 16], "texture": "#0"},
				"east": {"uv": [0, 0, 1, 1], "texture": "#missing"},
				"south": {"uv": [3, 7, 13, 8], "texture": "#0"},
				"west": {"uv": [1, 7, 2, 8], "texture": "#0"},
				"up": {"uv": [6, 1, 16, 2], "texture": "#0"},
				"down": {"uv": [0, 0, 10, 1], "texture": "#0"}
			}
		},
		{
			"from": [3, 0, 2],
			"to": [13, 1, 14],
			"faces": {
				"north": {"uv": [6, 15, 16, 16], "texture": "#0"},
				"east": {"uv": [2, 7, 14, 8], "texture": "#0"},
				"south": {"uv": [3, 7, 13, 8], "texture": "#0"},
				"west": {"uv": [1, 7, 13, 8], "texture": "#0"},
				"up": {"uv": [6, 2, 16, 14], "texture": "#0"},
				"down": {"uv": [0, 1, 10, 13], "texture": "#0"}
			}
		}
	],
	"display": {
		"thirdperson_righthand": {
			"rotation": [0, -163, -70],
			"translation": [-2.75, 3.25, 2],
			"scale": [0.42, 0.42, 0.42]
		},
		"thirdperson_lefthand": {
			"rotation": [0, 64, 70],
			"translation": [-1.75, 2, 2],
			"scale": [0.42, 0.42, 0.42]
		},
		"firstperson_righthand": {
			"rotation": [0, -130, -63],
			"translation": [0, 5, 1.5]
		},
		"firstperson_lefthand": {
			"rotation": [0, 31, 63],
			"translation": [0, 5, 1.75]
		},
		"ground": {
			"translation": [0, 5.5, 0]
		},
		"gui": {
			"rotation": [89, -90, 0]
		},
		"head": {
			"translation": [0, 15.25, 0]
		},
		"fixed": {
			"rotation": [-90, 90, 0],
			"translation": [0, 1.75, -9.25]
		}
	}
}