{
	"credit": "Made with Blockbench",
	"texture_size": [64, 64],
	"textures": {
		"0": "custom/gene_hat",
		"particle": "custom/gene_hat"
	},
	"elements": [
		{
			"from": [1, -1, 3],
			"to": [10, 6, 13],
			"faces": {
				"north": {"uv": [2.5, 9.75, 4.75, 11.25], "texture": "#0"},
				"east": {"uv": [0, 9.75, 2.5, 11.25], "texture": "#0"},
				"south": {"uv": [7.25, 9.75, 9.5, 11.25], "texture": "#0"},
				"west": {"uv": [4.75, 9.75, 7.25, 11.25], "texture": "#0"},
				"up": {"uv": [4.75, 9.75, 2.5, 7.25], "texture": "#0"},
				"down": {"uv": [7, 7.25, 4.75, 9.75], "texture": "#0"}
			}
		},
		{
			"from": [0.5, -0.5, 3],
			"to": [9.5, 5.5, 13],
			"faces": {
				"north": {"uv": [2.5, 2.5, 4.75, 4], "texture": "#0"},
				"east": {"uv": [0, 2.5, 2.5, 4], "texture": "#0"},
				"south": {"uv": [7.25, 2.5, 9.5, 4], "texture": "#0"},
				"west": {"uv": [4.75, 2.5, 7.25, 4], "texture": "#0"},
				"up": {"uv": [4.75, 2.5, 2.5, 0], "texture": "#0"},
				"down": {"uv": [7, 0, 4.75, 2.5], "texture": "#0"}
			}
		},
		{
			"from": [6, 3.5, 7.5],
			"to": [10, 6.5, 13.5],
			"faces": {
				"north": {"uv": [1.5, 5.5, 2.5, 6.25], "texture": "#0"},
				"east": {"uv": [0, 5.5, 1.5, 6.25], "texture": "#0"},
				"south": {"uv": [4, 5.5, 5, 6.25], "texture": "#0"},
				"west": {"uv": [2.5, 5.5, 4, 6.25], "texture": "#0"},
				"up": {"uv": [2.5, 5.5, 1.5, 4], "texture": "#0"},
				"down": {"uv": [3.5, 4, 2.5, 5.5], "texture": "#0"}
			}
		},
		{
			"from": [5, 0.30656, 12.5412],
			"to": [7, 2.30656, 16.5412],
			"rotation": {"angle": -22.5, "axis": "x", "origin": [10, 1.30656, 13.5412]},
			"faces": {
				"north": {"uv": [5, 6.5, 5.5, 7], "texture": "#0"},
				"east": {"uv": [4, 6.5, 5, 7], "texture": "#0"},
				"south": {"uv": [6.5, 6.5, 7, 7], "texture": "#0"},
				"west": {"uv": [5.5, 6.5, 6.5, 7], "texture": "#0"},
				"up": {"uv": [5.5, 6.5, 5, 5.5], "texture": "#0"},
				"down": {"uv": [6, 5.5, 5.5, 6.5], "texture": "#0"}
			}
		},
		{
			"from": [5, 0.30656, -0.5412],
			"to": [7, 2.30656, 3.4588],
			"rotation": {"angle": 22.5, "axis": "x", "origin": [10, 1.30656, 2.4588]},
			"faces": {
				"north": {"uv": [4.5, 5, 5, 5.5], "texture": "#0"},
				"east": {"uv": [3.5, 5, 4.5, 5.5], "texture": "#0"},
				"south": {"uv": [6, 5, 6.5, 5.5], "texture": "#0"},
				"west": {"uv": [5, 5, 6, 5.5], "texture": "#0"},
				"up": {"uv": [5, 5, 4.5, 4], "texture": "#0"},
				"down": {"uv": [5.5, 4, 5, 5], "texture": "#0"}
			}
		},
		{
			"from": [-6, 0, 4],
			"to": [0, 0, 8],
			"rotation": {"angle": 45, "axis": "z", "origin": [0, 0, 5]},
			"faces": {
				"north": {"uv": [8, 1.25, 9.5, 1.25], "texture": "#0"},
				"east": {"uv": [7, 1.25, 8, 1.25], "texture": "#0"},
				"south": {"uv": [10.5, 1.25, 12, 1.25], "texture": "#0"},
				"west": {"uv": [9.5, 1.25, 10.5, 1.25], "texture": "#0"},
				"up": {"uv": [9.5, 1.25, 8, 0.25], "texture": "#0"},
				"down": {"uv": [11, 0.25, 9.5, 1.25], "texture": "#0"}
			}
		}
	],
	"display": {
		"gui": {
			"rotation": [-180, -70, 179.09],
			"translation": [-0.75, 7.5, 0],
			"scale": [1.1, 1.2, 0.9]
		},
		"head": {
			"rotation": [13, 90, 0],
			"translation": [0, 17.75, -2.25],
			"scale": [1.72, 1.6, 1.6]
		}
	}
}