{
	"credit": "Made with Blockbench",
	"textures": {
		"1": "minecraft:item/mint"
	},
	"elements": [
		{
			"from": [6, 7, 5],
			"to": [11, 8, 12],
			"faces": {
				"north": {"uv": [4, 9, 9, 10], "texture": "#1"},
				"east": {"uv": [3, 11, 4, 10], "texture": "#1"},
				"south": {"uv": [5, 6, 10, 7], "texture": "#1"},
				"west": {"uv": [2, 11, 3, 10], "texture": "#1"},
				"up": {"uv": [11, 5, 6, 12], "texture": "#1"},
				"down": {"uv": [11, 5, 6, 12], "texture": "#1"}
			}
		},
		{
			"from": [11, 7, 6],
			"to": [12, 8, 11],
			"faces": {
				"north": {"uv": [2, 11, 3, 10], "texture": "#1"},
				"east": {"uv": [6, 11, 11, 12], "texture": "#1"},
				"south": {"uv": [2, 11, 3, 10], "texture": "#1"},
				"west": {"uv": [10, 6, 5, 9], "texture": "#missing"},
				"up": {"uv": [7, 6, 6, 11], "texture": "#1"},
				"down": {"uv": [7, 6, 6, 11], "texture": "#1"}
			}
		},
		{
			"from": [5, 7, 6],
			"to": [6, 8, 11],
			"faces": {
				"north": {"uv": [4, 11, 5, 10], "texture": "#1"},
				"east": {"uv": [10, 6, 5, 9], "texture": "#missing"},
				"south": {"uv": [2, 11, 3, 10], "texture": "#1"},
				"west": {"uv": [5, 11, 10, 12], "texture": "#1"},
				"up": {"uv": [7, 6, 6, 11], "texture": "#1"},
				"down": {"uv": [8, 6, 7, 11], "texture": "#1"}
			}
		},
		{
			"from": [6, 8, 6],
			"to": [11, 10, 11],
			"faces": {
				"north": {"uv": [10, 13, 5, 11], "texture": "#1"},
				"east": {"uv": [5, 6, 10, 8], "texture": "#1"},
				"south": {"uv": [6, 6, 11, 8], "texture": "#1"},
				"west": {"uv": [5, 11, 10, 13], "texture": "#1"},
				"up": {"uv": [11, 5, 6, 10], "texture": "#1"},
				"down": {"uv": [11, 2, 7, 6], "texture": "#missing"}
			}
		},
		{
			"from": [7, 10, 6],
			"to": [10, 11, 11],
			"faces": {
				"north": {"uv": [7, 8, 10, 9], "texture": "#1"},
				"east": {"uv": [3, 8, 4, 9], "texture": "#1"},
				"south": {"uv": [7, 8, 10, 9], "texture": "#1"},
				"west": {"uv": [3, 9, 4, 10], "texture": "#1"},
				"up": {"uv": [9, 4, 6, 9], "texture": "#1"},
				"down": {"uv": [11, 2, 7, 6], "texture": "#missing"}
			}
		},
		{
			"from": [10, 10, 7],
			"to": [11, 11, 10],
			"faces": {
				"north": {"uv": [2, 9, 3, 10], "texture": "#1"},
				"east": {"uv": [7, 8, 10, 9], "texture": "#1"},
				"south": {"uv": [3, 9, 4, 10], "texture": "#1"},
				"west": {"uv": [6, 9, 11, 11], "texture": "#1"},
				"up": {"uv": [8, 6, 7, 9], "texture": "#1"},
				"down": {"uv": [11, 2, 7, 6], "texture": "#missing"}
			}
		},
		{
			"from": [6, 10, 7],
			"to": [7, 11, 10],
			"faces": {
				"north": {"uv": [3, 9, 4, 10], "texture": "#1"},
				"east": {"uv": [6, 9, 11, 11], "texture": "#1"},
				"south": {"uv": [4, 8, 5, 9], "texture": "#1"},
				"west": {"uv": [7, 8, 10, 9], "texture": "#1"},
				"up": {"uv": [7, 8, 6, 5], "texture": "#1"},
				"down": {"uv": [11, 2, 7, 6], "texture": "#missing"}
			}
		}
	],
	"display": {
	"thirdperson_righthand": {
			"translation": [0, 3, 2],
			"rotation": [90, 90, 0],
			"scale": [0.751, 0.75, 0.751]
		}
	}
}