{
	"credit": "Made with Blockbench",
	"texture_size": [64, 64],
	"textures": {
		"0": "custom/taco_hat",
		"particle": "custom/taco_hat"
	},
	"elements": [
		{
			"from": [4, 0, 3],
			"to": [12, 1, 13],
			"faces": {
				"north": {"uv": [2.5, 2.5, 4.5, 2.75], "texture": "#0"},
				"east": {"uv": [0, 2.5, 2.5, 2.75], "texture": "#0"},
				"south": {"uv": [7, 2.5, 9, 2.75], "texture": "#0"},
				"west": {"uv": [4.5, 2.5, 7, 2.75], "texture": "#0"},
				"up": {"uv": [4.5, 2.5, 2.5, 0], "texture": "#0"},
				"down": {"uv": [6.5, 0, 4.5, 2.5], "texture": "#0"}
			}
		},
		{
			"from": [4, 1, 4],
			"to": [12, 2, 12],
			"faces": {
				"north": {"uv": [2, 8.25, 4, 8.5], "texture": "#0"},
				"east": {"uv": [0, 8.25, 2, 8.5], "texture": "#0"},
				"south": {"uv": [6, 8.25, 8, 8.5], "texture": "#0"},
				"west": {"uv": [4, 8.25, 6, 8.5], "texture": "#0"},
				"up": {"uv": [4, 8.25, 2, 6.25], "texture": "#0"},
				"down": {"uv": [6, 6.25, 4, 8.25], "texture": "#0"}
			}
		},
		{
			"from": [12, 1, 3],
			"to": [12, 8, 13],
			"faces": {
				"north": {"uv": [2.5, 2.75, 2.5, 4.5], "texture": "#0"},
				"east": {"uv": [0, 2.75, 2.5, 4.5], "texture": "#0"},
				"south": {"uv": [5, 2.75, 5, 4.5], "texture": "#0"},
				"west": {"uv": [2.5, 2.75, 5, 4.5], "texture": "#0"},
				"up": {"uv": [2.5, 2.75, 2.5, 0.25], "texture": "#0"},
				"down": {"uv": [2.5, 0.25, 2.5, 2.75], "texture": "#0"}
			}
		},
		{
			"from": [4, 1, 3],
			"to": [4, 8, 13],
			"faces": {
				"north": {"uv": [2.5, 4.5, 2.5, 6.25], "texture": "#0"},
				"east": {"uv": [0, 4.5, 2.5, 6.25], "texture": "#0"},
				"south": {"uv": [5, 4.5, 5, 6.25], "texture": "#0"},
				"west": {"uv": [2.5, 4.5, 5, 6.25], "texture": "#0"},
				"up": {"uv": [2.5, 4.5, 2.5, 2], "texture": "#0"},
				"down": {"uv": [2.5, 2, 2.5, 4.5], "texture": "#0"}
			}
		},
		{
			"from": [4, 1, 2],
			"to": [12, 1, 14],
			"faces": {
				"north": {"uv": [8.75, 6, 10.75, 6], "texture": "#0"},
				"east": {"uv": [5.75, 6, 8.75, 6], "texture": "#0"},
				"south": {"uv": [13.75, 6, 15.75, 6], "texture": "#0"},
				"west": {"uv": [10.75, 6, 13.75, 6], "texture": "#0"},
				"up": {"uv": [10.75, 6, 8.75, 3], "texture": "#0"},
				"down": {"uv": [12.75, 3, 10.75, 6], "texture": "#0"}
			}
		}
	],
	"display": {
		"gui": {
			"rotation": [19.25, 38.5, 0],
			"translation": [0, 4, 0]
		},
		"head": {
			"translation": [0, 7.75, 0],
			"scale": [1.83594, 2, 2]
		}
	}
}