{
	"credit": "Made with Blockbench",
	"texture_size": [64, 64],
	"textures": {
		"0": "custom/burger_hat",
		"particle": "custom/burger_hat"
	},
	"elements": [
		{
			"from": [3, 0, 3],
			"to": [13, 2, 13],
			"faces": {
				"north": {"uv": [5.5, 7, 8, 7.5], "texture": "#0"},
				"east": {"uv": [0, 7.5, 2.5, 8], "texture": "#0"},
				"south": {"uv": [2.5, 7.5, 5, 8], "texture": "#0"},
				"west": {"uv": [7.5, 2.5, 10, 3], "texture": "#0"},
				"up": {"uv": [5.5, 7.5, 3, 5], "texture": "#0"},
				"down": {"uv": [8, 0, 5.5, 2.5], "texture": "#0"}
			}
		},
		{
			"from": [3, 8, 3],
			"to": [13, 10, 13],
			"faces": {
				"north": {"uv": [0, 6, 2.5, 6.5], "texture": "#0"},
				"east": {"uv": [0, 6.5, 2.5, 7], "texture": "#0"},
				"south": {"uv": [5.5, 6.5, 8, 7], "texture": "#0"},
				"west": {"uv": [0, 7, 2.5, 7.5], "texture": "#0"},
				"up": {"uv": [5.5, 2.5, 3, 0], "texture": "#0"},
				"down": {"uv": [5.5, 2.5, 3, 5], "texture": "#0"}
			}
		},
		{
			"from": [4, 10, 4],
			"to": [12, 11, 12],
			"faces": {
				"north": {"uv": [7.5, 3, 9.5, 3.25], "texture": "#0"},
				"east": {"uv": [7.5, 3.25, 9.5, 3.5], "texture": "#0"},
				"south": {"uv": [7.5, 3.5, 9.5, 3.75], "texture": "#0"},
				"west": {"uv": [7.5, 3.75, 9.5, 4], "texture": "#0"},
				"up": {"uv": [7.5, 4.5, 5.5, 2.5], "texture": "#0"},
				"down": {"uv": [7.5, 4.5, 5.5, 6.5], "texture": "#0"}
			}
		},
		{
			"from": [2, 2, 2],
			"to": [14, 2, 14],
			"faces": {
				"north": {"uv": [0, 0, 3, 0], "texture": "#0"},
				"east": {"uv": [0, 0, 3, 0], "texture": "#0"},
				"south": {"uv": [0, 0, 3, 0], "texture": "#0"},
				"west": {"uv": [0, 0, 3, 0], "texture": "#0"},
				"up": {"uv": [3, 3, 0, 0], "texture": "#0"},
				"down": {"uv": [3, 3, 0, 6], "texture": "#0"}
			}
		}
	],
	"display": {
		"head": {
			"translation": [0, 4.25, 0],
			"scale": [1.5, 1.5, 1.5]
		}
	}
}