{
	"credit": "Made with Blockbench",
	"textures": {
		"0": "minecraft:item/cone",
		"particle": "minecraft:item/cone"
	},
	"elements": [
		{
			"from": [8, 0, 8],
			"to": [9, 1, 9],
			"faces": {
				"north": {"uv": [7, 15, 8, 16], "texture": "#0"},
				"east": {"uv": [7, 15, 8, 16], "texture": "#0"},
				"south": {"uv": [7, 15, 8, 16], "texture": "#0"},
				"west": {"uv": [7, 15, 8, 16], "texture": "#0"},
				"up": {"uv": [10, 9, 9, 10], "texture": "#0"},
				"down": {"uv": [7, 15, 8, 16], "texture": "#0"}
			}
		},
		{
			"from": [6, 3, 8],
			"to": [7, 4, 9],
			"faces": {
				"north": {"uv": [7, 15, 8, 16], "texture": "#0"},
				"east": {"uv": [7, 15, 8, 16], "texture": "#0"},
				"south": {"uv": [7, 15, 8, 16], "texture": "#0"},
				"west": {"uv": [6, 8, 7, 9], "texture": "#0"},
				"up": {"uv": [7, 15, 8, 16], "texture": "#0"},
				"down": {"uv": [7, 15, 8, 16], "texture": "#0"}
			}
		},
		{
			"from": [8, 3, 6],
			"to": [9, 4, 7],
			"faces": {
				"north": {"uv": [6, 8, 7, 9], "texture": "#0"},
				"east": {"uv": [7, 15, 8, 16], "texture": "#0"},
				"south": {"uv": [7, 15, 8, 16], "texture": "#0"},
				"west": {"uv": [7, 15, 8, 16], "texture": "#0"},
				"up": {"uv": [7, 15, 8, 16], "texture": "#0"},
				"down": {"uv": [7, 15, 8, 16], "texture": "#0"}
			}
		},
		{
			"from": [8, 3, 10],
			"to": [9, 4, 11],
			"faces": {
				"north": {"uv": [7, 15, 8, 16], "texture": "#0"},
				"east": {"uv": [7, 15, 8, 16], "texture": "#0"},
				"south": {"uv": [7, 8, 8, 9], "texture": "#0"},
				"west": {"uv": [7, 15, 8, 16], "texture": "#0"},
				"up": {"uv": [7, 15, 8, 16], "texture": "#0"},
				"down": {"uv": [7, 15, 8, 16], "texture": "#0"}
			}
		},
		{
			"from": [10, 3, 8],
			"to": [11, 4, 9],
			"faces": {
				"north": {"uv": [8, 8, 9, 9], "texture": "#0"},
				"east": {"uv": [6, 8, 7, 9], "texture": "#0"},
				"south": {"uv": [8, 8, 9, 9], "texture": "#0"},
				"west": {"uv": [7, 8, 8, 9], "texture": "#0"},
				"up": {"uv": [7, 8, 8, 9], "texture": "#0"},
				"down": {"uv": [7, 8, 8, 9], "texture": "#0"}
			}
		},
		{
			"from": [7, 4, 6],
			"to": [10, 5, 7],
			"faces": {
				"north": {"uv": [9, 7, 6, 8], "texture": "#0"},
				"east": {"uv": [8, 7, 7, 8], "texture": "#0"},
				"south": {"uv": [10, 9, 9, 10], "texture": "#0"},
				"west": {"uv": [8, 7, 7, 8], "texture": "#0"},
				"up": {"uv": [9, 9, 6, 12], "texture": "#missing"},
				"down": {"uv": [9, 5, 8, 6], "texture": "#0"}
			}
		},
		{
			"from": [7, 4, 10],
			"to": [10, 5, 11],
			"faces": {
				"north": {"uv": [10, 9, 9, 10], "texture": "#0"},
				"east": {"uv": [8, 7, 7, 8], "texture": "#0"},
				"south": {"uv": [9, 7, 6, 8], "texture": "#0"},
				"west": {"uv": [7, 9, 6, 10], "texture": "#0"},
				"up": {"uv": [9, 9, 6, 12], "texture": "#missing"},
				"down": {"uv": [9, 5, 8, 6], "texture": "#0"}
			}
		},
		{
			"from": [10, 4, 7],
			"to": [11, 5, 10],
			"faces": {
				"north": {"uv": [8, 7, 7, 8], "texture": "#0"},
				"east": {"uv": [9, 7, 6, 8], "texture": "#0"},
				"south": {"uv": [8, 7, 7, 8], "texture": "#0"},
				"west": {"uv": [10, 9, 9, 10], "texture": "#0"},
				"up": {"uv": [9, 9, 6, 12], "texture": "#missing"},
				"down": {"uv": [9, 5, 8, 6], "texture": "#0"}
			}
		},
		{
			"from": [6, 4, 7],
			"to": [7, 5, 10],
			"faces": {
				"north": {"uv": [8, 7, 7, 8], "texture": "#0"},
				"east": {"uv": [10, 9, 9, 10], "texture": "#0"},
				"south": {"uv": [8, 7, 7, 8], "texture": "#0"},
				"west": {"uv": [9, 7, 6, 8], "texture": "#0"},
				"up": {"uv": [9, 9, 6, 12], "texture": "#missing"},
				"down": {"uv": [9, 5, 8, 6], "texture": "#0"}
			}
		},
		{
			"from": [10, 5, 6],
			"to": [11, 6, 10],
			"faces": {
				"north": {"uv": [8, 5, 7, 6], "texture": "#0"},
				"east": {"uv": [8, 3, 4, 4], "texture": "#0"},
				"south": {"uv": [9, 9, 6, 12], "texture": "#missing"},
				"west": {"uv": [10, 9, 9, 10], "texture": "#0"},
				"up": {"uv": [7, 8, 6, 12], "texture": "#0"},
				"down": {"uv": [10, 11, 9, 12], "texture": "#0"}
			}
		},
		{
			"from": [7, 5, 10],
			"to": [11, 6, 11],
			"faces": {
				"north": {"uv": [10, 9, 9, 10], "texture": "#0"},
				"east": {"uv": [8, 5, 7, 6], "texture": "#0"},
				"south": {"uv": [8, 3, 4, 4], "texture": "#0"},
				"west": {"uv": [4, 1, 5, 3], "texture": "#missing"},
				"up": {"uv": [10, 5, 6, 6], "texture": "#0"},
				"down": {"uv": [7, 3, 6, 3], "texture": "#0"}
			}
		},
		{
			"from": [6, 5, 6],
			"to": [10, 6, 7],
			"faces": {
				"north": {"uv": [8, 3, 4, 4], "texture": "#0"},
				"east": {"uv": [9, 9, 6, 12], "texture": "#missing"},
				"south": {"uv": [10, 9, 9, 10], "texture": "#0"},
				"west": {"uv": [8, 5, 7, 6], "texture": "#0"},
				"up": {"uv": [10, 5, 6, 6], "texture": "#0"},
				"down": {"uv": [10, 11, 9, 12], "texture": "#0"}
			}
		},
		{
			"from": [6, 5, 7],
			"to": [7, 6, 11],
			"faces": {
				"north": {"uv": [9, 9, 6, 12], "texture": "#missing"},
				"east": {"uv": [10, 9, 9, 10], "texture": "#0"},
				"south": {"uv": [8, 5, 7, 6], "texture": "#0"},
				"west": {"uv": [8, 3, 4, 4], "texture": "#0"},
				"up": {"uv": [8, 7, 7, 11], "texture": "#0"},
				"down": {"uv": [10, 11, 9, 12], "texture": "#0"}
			}
		},
		{
			"from": [8, 1, 9],
			"to": [9, 2, 10],
			"faces": {
				"north": {"uv": [10, 9, 9, 10], "texture": "#0"},
				"east": {"uv": [8, 10, 7, 11], "texture": "#0"},
				"south": {"uv": [8, 11, 7, 12], "texture": "#0"},
				"west": {"uv": [7, 11, 6, 12], "texture": "#0"},
				"up": {"uv": [8, 11, 7, 12], "texture": "#0"},
				"down": {"uv": [8, 11, 7, 12], "texture": "#0"}
			}
		},
		{
			"from": [9, 1, 8],
			"to": [10, 2, 9],
			"faces": {
				"north": {"uv": [9, 11, 8, 12], "texture": "#0"},
				"east": {"uv": [8, 11, 7, 12], "texture": "#0"},
				"south": {"uv": [9, 10, 8, 11], "texture": "#0"},
				"west": {"uv": [10, 9, 9, 10], "texture": "#0"},
				"up": {"uv": [8, 11, 7, 12], "texture": "#0"},
				"down": {"uv": [8, 11, 7, 12], "texture": "#0"}
			}
		},
		{
			"from": [7, 1, 8],
			"to": [8, 2, 9],
			"faces": {
				"north": {"uv": [8, 10, 7, 11], "texture": "#0"},
				"east": {"uv": [10, 9, 9, 10], "texture": "#0"},
				"south": {"uv": [9, 10, 8, 11], "texture": "#0"},
				"west": {"uv": [8, 11, 7, 12], "texture": "#0"},
				"up": {"uv": [8, 11, 7, 12], "texture": "#0"},
				"down": {"uv": [8, 11, 7, 12], "texture": "#0"}
			}
		},
		{
			"from": [8, 1, 7],
			"to": [9, 2, 8],
			"faces": {
				"north": {"uv": [8, 10, 7, 11], "texture": "#0"},
				"east": {"uv": [7, 11, 6, 12], "texture": "#0"},
				"south": {"uv": [10, 9, 9, 10], "texture": "#0"},
				"west": {"uv": [9, 11, 8, 12], "texture": "#0"},
				"up": {"uv": [8, 11, 7, 12], "texture": "#0"},
				"down": {"uv": [8, 11, 7, 12], "texture": "#0"}
			}
		},
		{
			"from": [9, 2, 7],
			"to": [10, 4, 9],
			"faces": {
				"north": {"uv": [7, 9, 6, 11], "texture": "#0"},
				"east": {"uv": [9, 8, 7, 10], "texture": "#0"},
				"south": {"uv": [9, 9, 6, 12], "texture": "#missing"},
				"west": {"uv": [10, 9, 9, 10], "texture": "#0"},
				"up": {"uv": [10, 9, 9, 10], "texture": "#0"},
				"down": {"uv": [5, 3, 7, 2], "rotation": 270, "texture": "#0"}
			}
		},
		{
			"from": [8, 2, 9],
			"to": [10, 4, 10],
			"faces": {
				"north": {"uv": [10, 9, 9, 10], "texture": "#0"},
				"east": {"uv": [7, 9, 6, 11], "texture": "#0"},
				"south": {"uv": [9, 8, 7, 10], "texture": "#0"},
				"west": {"uv": [9, 9, 6, 12], "texture": "#missing"},
				"up": {"uv": [10, 9, 9, 10], "texture": "#0"},
				"down": {"uv": [7, 2, 5, 3], "texture": "#0"}
			}
		},
		{
			"from": [7, 2, 7],
			"to": [9, 4, 8],
			"faces": {
				"north": {"uv": [9, 8, 7, 10], "texture": "#0"},
				"east": {"uv": [9, 9, 6, 12], "texture": "#missing"},
				"south": {"uv": [10, 9, 9, 10], "texture": "#0"},
				"west": {"uv": [7, 9, 6, 11], "texture": "#0"},
				"up": {"uv": [10, 9, 9, 10], "texture": "#0"},
				"down": {"uv": [7, 2, 5, 3], "texture": "#0"}
			}
		},
		{
			"from": [7, 2, 8],
			"to": [8, 4, 10],
			"faces": {
				"north": {"uv": [9, 9, 6, 12], "texture": "#missing"},
				"east": {"uv": [10, 9, 9, 10], "texture": "#0"},
				"south": {"uv": [7, 9, 6, 11], "texture": "#0"},
				"west": {"uv": [9, 8, 7, 10], "texture": "#0"},
				"up": {"uv": [10, 9, 9, 10], "texture": "#0"},
				"down": {"uv": [6, 3, 8, 2], "rotation": 90, "texture": "#0"}
			}
		}
	],
	"display": {
	"thirdperson_righthand": {
			"translation": [0, 3, 6],
			"rotation": [90, 90, 0],
			"scale": [0.75, 0.75, 0.75]
		}
	}
}