{
    "providers": [
        {
            "type": "bitmap",
            "file": "minecraft:item/bun.png",
            "ascent": 7,
            "height": 8,
            "chars": [
                "\uEFF0"
            ]
        },
        {
            "type": "bitmap",
            "file": "minecraft:item/cheese.png",
            "ascent": 7,
            "height": 8,
            "chars": [
                "\uEFF1"
            ]
        },
        {
            "type": "bitmap",
            "file": "minecraft:item/lettuce_head.png",
            "ascent": 7,
            "height": 8,
            "chars": [
                "\uEFF2"
            ]
        },
        {
            "type": "bitmap",
            "file": "minecraft:item/lettuce_leaf.png",
            "ascent": 7,
            "height": 8,
            "chars": [
                "\uEFF3"
            ]
        },
        {
            "type": "bitmap",
            "file": "minecraft:item/tomato.png",
            "ascent": 7,
            "height": 8,
            "chars": [
                "\uEFF4"
            ]
        },
        {
            "type": "bitmap",
            "file": "minecraft:item/tomato_slice.png",
            "ascent": 7,
            "height": 8,
            "chars": [
                "\uEFF5"
            ]
        },
        {
            "type": "bitmap",
            "file": "minecraft:item/raw_hamburger.png",
            "ascent": 7,
            "height": 8,
            "chars": [
                "\uEFF6"
            ]
        },
        {
            "type": "bitmap",
            "file": "minecraft:item/half_cooked_hamburger.png",
            "ascent": 7,
            "height": 8,
            "chars": [
                "\uEFF7"
            ]
        },
        {
            "type": "bitmap",
            "file": "minecraft:item/hamburger.png",
            "ascent": 7,
            "height": 8,
            "chars": [
                "\uEFF8"
            ]
        },
        {
            "type": "bitmap",
            "file": "minecraft:item/burnt_hamburger.png",
            "ascent": 7,
            "height": 8,
            "chars": [
                "\uEFF9"
            ]
        },
        {
            "type": "bitmap",
            "file": "minecraft:item/charcoal.png",
            "ascent": 7,
            "height": 8,
            "chars": [
                "\uEFFA"
            ]
        },

        {
            "type": "bitmap",
            "file": "minecraft:item/rice.png",
            "ascent": 7,
            "height": 8,
            "chars": [
                "\uEFFB"
            ]
        },
        {
            "type": "bitmap",
            "file": "minecraft:item/salmon.png",
            "ascent": 7,
            "height": 8,
            "chars": [
                "\uEFFC"
            ]
        },
        {
            "type": "bitmap",
            "file": "minecraft:item/pufferfish.png",
            "ascent": 7,
            "height": 8,
            "chars": [
                "\uEFFD"
            ]
        },
        {
            "type": "bitmap",
            "file": "minecraft:item/cut_salmon.png",
            "ascent": 7,
            "height": 8,
            "chars": [
                "\uEFFE"
            ]
        },
        {
            "type": "bitmap",
            "file": "minecraft:item/cut_pufferfish.png",
            "ascent": 7,
            "height": 8,
            "chars": [
                "\uEFFF"
            ]
        },
        {
            "type": "bitmap",
            "file": "minecraft:item/poison_pufferfish.png",
            "ascent": 7,
            "height": 8,
            "chars": [
                "\uF000"
            ]
        },
        {
            "type": "bitmap",
            "file": "minecraft:item/avocado.png",
            "ascent": 7,
            "height": 8,
            "chars": [
                "\uF001"
            ]
        },
        {
            "type": "bitmap",
            "file": "minecraft:item/avocado_slice.png",
            "ascent": 7,
            "height": 8,
            "chars": [
                "\uF002"
            ]
        },
        {
            "type": "bitmap",
            "file": "minecraft:item/wasabi.png",
            "ascent": 7,
            "height": 8,
            "chars": [
                "\uF003"
            ]
        },

        {
            "type": "bitmap",
            "file": "minecraft:item/dough.png",
            "ascent": 7,
            "height": 8,
            "chars": [
                "\uF004"
            ]
        },
        {
            "type": "bitmap",
            "file": "minecraft:item/sauce.png",
            "ascent": 7,
            "height": 8,
            "chars": [
                "\uF005"
            ]
        },
        {
            "type": "bitmap",
            "file": "minecraft:item/pizza_cheese.png",
            "ascent": 7,
            "height": 8,
            "chars": [
                "\uF006"
            ]
        },
        {
            "type": "bitmap",
            "file": "minecraft:item/pepperoni.png",
            "ascent": 7,
            "height": 8,
            "chars": [
                "\uF007"
            ]
        },
        {
            "type": "bitmap",
            "file": "minecraft:item/mushroom.png",
            "ascent": 7,
            "height": 8,
            "chars": [
                "\uF008"
            ]
        },
        {
            "type": "bitmap",
            "file": "minecraft:item/pineapple.png",
            "ascent": 7,
            "height": 8,
            "chars": [
                "\uF009"
            ]
        },
        {
            "type": "bitmap",
            "file": "minecraft:item/thick_crust.png",
            "ascent": 7,
            "height": 8,
            "chars": [
                "\uF00A"
            ]
        },
        {
            "type": "bitmap",
            "file": "minecraft:item/thin_crust.png",
            "ascent": 7,
            "height": 8,
            "chars": [
                "\uF00B"
            ]
        },
        {
            "type": "bitmap",
            "file": "minecraft:item/cut_mushroom.png",
            "ascent": 7,
            "height": 8,
            "chars": [
                "\uF00C"
            ]
        },
        {
            "type": "bitmap",
            "file": "minecraft:item/cut_pineapple.png",
            "ascent": 7,
            "height": 8,
            "chars": [
                "\uF00D"
            ]
        },

        {
            "type": "bitmap",
            "file": "minecraft:item/tortilla.png",
            "ascent": 7,
            "height": 8,
            "chars": [
                "\uF00E"
            ]
        },
        {
            "type": "bitmap",
            "file": "minecraft:item/raw_beef.png",
            "ascent": 7,
            "height": 8,
            "chars": [
                "\uF00F"
            ]
        },
        {
            "type": "bitmap",
            "file": "minecraft:item/taco_cheese.png",
            "ascent": 7,
            "height": 8,
            "chars": [
                "\uF010"
            ]
        },
        {
            "type": "bitmap",
            "file": "minecraft:item/guac.png",
            "ascent": 7,
            "height": 8,
            "chars": [
                "\uF011"
            ]
        },
        {
            "type": "bitmap",
            "file": "minecraft:item/salsa.png",
            "ascent": 7,
            "height": 8,
            "chars": [
                "\uF012"
            ]
        },
        {
            "type": "bitmap",
            "file": "minecraft:item/sour_cream.png",
            "ascent": 7,
            "height": 8,
            "chars": [
                "\uF013"
            ]
        },
        {
            "type": "bitmap",
            "file": "minecraft:item/beef_taco.png",
            "ascent": 7,
            "height": 8,
            "chars": [
                "\uF014"
            ]
        },
        {
            "type": "bitmap",
            "file": "minecraft:item/lettuce_shreds.png",
            "ascent": 7,
            "height": 8,
            "chars": [
                "\uF015"
            ]
        },

        {
            "type": "bitmap",
            "file": "minecraft:item/cone.png",
            "ascent": 7,
            "height": 8,
            "chars": [
                "\uF016"
            ]
        },
        {
            "type": "bitmap",
            "file": "minecraft:item/ice_cream_bowl.png",
            "ascent": 7,
            "height": 8,
            "chars": [
                "\uF017"
            ]
        },
        {
            "type": "bitmap",
            "file": "minecraft:item/vanilla.png",
            "ascent": 7,
            "height": 8,
            "chars": [
                "\uF018"
            ]
        },
        {
            "type": "bitmap",
            "file": "minecraft:item/chocolate.png",
            "ascent": 7,
            "height": 8,
            "chars": [
                "\uF019"
            ]
        },
        {
            "type": "bitmap",
            "file": "minecraft:item/strawberry.png",
            "ascent": 7,
            "height": 8,
            "chars": [
                "\uF01A"
            ]
        },
        {
            "type": "bitmap",
            "file": "minecraft:item/cookies.png",
            "ascent": 7,
            "height": 8,
            "chars": [
                "\uF01B"
            ]
        },
        {
            "type": "bitmap",
            "file": "minecraft:item/mint.png",
            "ascent": 7,
            "height": 8,
            "chars": [
                "\uF01C"
            ]
        },
        {
            "type": "bitmap",
            "file": "minecraft:item/mango.png",
            "ascent": 7,
            "height": 8,
            "chars": [
                "\uF01D"
            ]
        },
        {
            "type": "bitmap",
            "file": "minecraft:item/sprinkles.png",
            "ascent": 7,
            "height": 8,
            "chars": [
                "\uF01E"
            ]
        },
        {
            "type": "bitmap",
            "file": "minecraft:item/chips.png",
            "ascent": 7,
            "height": 8,
            "chars": [
                "\uF01F"
            ]
        },
        {
            "type": "bitmap",
            "file": "minecraft:item/cherry.png",
            "ascent": 7,
            "height": 8,
            "chars": [
                "\uF020"
            ]
        },
        {
            "type": "bitmap",
            "file": "minecraft:item/cookie_dough.png",
            "ascent": 7,
            "height": 8,
            "chars": [
                "\uF021"
            ]
        },
        {
            "type": "bitmap",
            "file": "minecraft:block/blue_ice.png",
            "ascent": 7,
            "height": 8,
            "chars": [
                "\uF022"
            ]
        }
    ]
}