{
	"credit": "Made with Blockbench",
	"textures": {
		"4": "minecraft:item/cookie_dough"
	},
	"elements": [
		{
			"from": [10, 11, 7],
			"to": [11, 12, 8],
			"faces": {
				"north": {"uv": [9, 11, 10, 12], "texture": "#4"},
				"east": {"uv": [6, 2, 7, 3], "texture": "#4"},
				"south": {"uv": [12, 12, 13, 13], "texture": "#4"},
				"west": {"uv": [11, 13, 12, 14], "texture": "#4"},
				"up": {"uv": [13, 12, 14, 13], "texture": "#4"},
				"down": {"uv": [12, 12, 13, 13], "texture": "#4"}
			}
		},
		{
			"from": [11, 8, 9],
			"to": [12, 9, 10],
			"faces": {
				"north": {"uv": [6, 10, 7, 11], "texture": "#4"},
				"east": {"uv": [2, 8, 3, 9], "texture": "#4"},
				"south": {"uv": [12, 12, 13, 13], "texture": "#4"},
				"west": {"uv": [11, 13, 12, 14], "texture": "#4"},
				"up": {"uv": [13, 12, 14, 13], "texture": "#4"},
				"down": {"uv": [12, 12, 13, 13], "texture": "#4"}
			}
		},
		{
			"from": [8, 8, 5],
			"to": [9, 9, 6],
			"faces": {
				"north": {"uv": [6, 2, 7, 3], "texture": "#4"},
				"east": {"uv": [3, 8, 4, 9], "texture": "#4"},
				"south": {"uv": [12, 12, 13, 13], "texture": "#4"},
				"west": {"uv": [11, 13, 12, 14], "texture": "#4"},
				"up": {"uv": [13, 12, 14, 13], "texture": "#4"},
				"down": {"uv": [12, 12, 13, 13], "texture": "#4"}
			}
		},
		{
			"from": [9, 10, 11],
			"to": [10, 11, 12],
			"faces": {
				"north": {"uv": [7, 10, 8, 11], "texture": "#4"},
				"east": {"uv": [3, 7, 4, 8], "texture": "#4"},
				"south": {"uv": [12, 8, 13, 9], "texture": "#4"},
				"west": {"uv": [11, 13, 12, 14], "texture": "#4"},
				"up": {"uv": [13, 12, 14, 13], "texture": "#4"},
				"down": {"uv": [12, 12, 13, 13], "texture": "#4"}
			}
		},
		{
			"from": [5, 8, 6],
			"to": [6, 9, 7],
			"faces": {
				"north": {"uv": [2, 8, 3, 9], "texture": "#4"},
				"east": {"uv": [3, 8, 4, 9], "texture": "#4"},
				"south": {"uv": [12, 12, 13, 13], "texture": "#4"},
				"west": {"uv": [6, 4, 7, 5], "texture": "#4"},
				"up": {"uv": [13, 12, 14, 13], "texture": "#4"},
				"down": {"uv": [12, 12, 13, 13], "texture": "#4"}
			}
		},
		{
			"from": [5, 9, 10],
			"to": [6, 10, 11],
			"faces": {
				"north": {"uv": [2, 8, 3, 9], "texture": "#4"},
				"east": {"uv": [3, 8, 4, 9], "texture": "#4"},
				"south": {"uv": [12, 12, 13, 13], "texture": "#4"},
				"west": {"uv": [6, 4, 7, 5], "texture": "#4"},
				"up": {"uv": [13, 12, 14, 13], "texture": "#4"},
				"down": {"uv": [12, 12, 13, 13], "texture": "#4"}
			}
		}
	],
	"display": {
	"thirdperson_righthand": {
			"translation": [0, 3, 1],
			"rotation": [90, 90, 0],
			"scale": [0.75, 0.75, 0.75]
		}
	},
	"groups": [
		{
			"name": "cookiedough",
			"origin": [8, 8, 8],
			"color": 0,
			"children": [0, 1, 2, 3, 4, 5]
		}
	]
}