{
  "parent": "minecraft:block/stone_button_inventory",
  "overrides": [
    {"predicate": {"custom_model_data": 1},"model": "item/chef_hat"},
    {"predicate": {"custom_model_data": 2},"model": "item/chefhat_gray"},
    {"predicate": {"custom_model_data": 3},"model": "item/top_hat"},
    {"predicate": {"custom_model_data": 4},"model": "item/chocolate_hat"},
    {"predicate": {"custom_model_data": 5},"model": "item/sombrero"},
    {"predicate": {"custom_model_data": 6},"model": "item/burger_hat"},
    {"predicate": {"custom_model_data": 7},"model": "item/sushi_hat"},
    {"predicate": {"custom_model_data": 8},"model": "item/taco_hat"},
    {"predicate": {"custom_model_data": 9},"model": "item/ice_cream_hat"}
    ]
}

