{
	"credit": "Made with Blockbench",
	"textures": {
		"0": "custom/chefhat_gray",
		"particle": "custom/chefhat_gray"
	},
	"elements": [
		{
			"from": [5, 2, 5],
			"to": [12, 7, 12],
			"rotation": {"angle": 0, "axis": "y", "origin": [13, 8, 13]},
			"faces": {
				"north": {"uv": [0, 0, 7, 5], "texture": "#0"},
				"east": {"uv": [0, 0, 7, 5], "texture": "#0"},
				"south": {"uv": [0, 0, 7, 5], "texture": "#0"},
				"west": {"uv": [0, 0, 7, 5], "texture": "#0"},
				"up": {"uv": [1, 8, 8, 15], "texture": "#0"},
				"down": {"uv": [9, 9, 16, 16], "texture": "#0"}
			}
		},
		{
			"from": [4, 7, 4],
			"to": [13, 11, 13],
			"rotation": {"angle": 0, "axis": "y", "origin": [13, 11, 13]},
			"faces": {
				"north": {"uv": [7, 0, 16, 4], "texture": "#0"},
				"east": {"uv": [7, 0, 16, 4], "texture": "#0"},
				"south": {"uv": [7, 0, 16, 4], "texture": "#0"},
				"west": {"uv": [7, 0, 16, 4], "texture": "#0"},
				"up": {"uv": [13, 5, 15, 9], "texture": "#0"},
				"down": {"uv": [0, 7, 9, 16], "texture": "#0"}
			}
		}
	],
	"display": {
		"thirdperson_righthand": {
			"translation": [0, 3, 0]
		},
		"thirdperson_lefthand": {
			"translation": [0, 3.75, 0]
		},
		"ground": {
			"translation": [0, 1.5, 0],
			"scale": [1.2, 1.2, 1.2]
		},
		"gui": {
			"rotation": [6.5, -44, 0],
			"translation": [0, 1.25, 0],
			"scale": [1.2, 1.2, 1.2]
		},
		"head": {
			"rotation": [20.75, 0, 0],
			"translation": [-1, 13, 3],
			"scale": [1.9, 1.5, 1.8]
		},
		"fixed": {
			"rotation": [-90, -9.25, 0],
			"translation": [0, -1, -10.5],
			"scale": [2, 2, 2]
		}
	}
}