{
	"credit": "Made with Blockbench",
	"textures": {
		"0": "custom/largecake",
		"particle": "custom/largecake"
	},
	"elements": [
		{
			"from": [4, 0, 4],
			"to": [11, 4, 11],
			"rotation": {"angle": 0, "axis": "y", "origin": [12, 8, 12]},
			"faces": {
				"north": {"uv": [2, 0, 9, 4], "texture": "#0"},
				"east": {"uv": [2, 0, 9, 4], "texture": "#0"},
				"south": {"uv": [2, 0, 9, 4], "texture": "#0"},
				"west": {"uv": [2, 0, 9, 4], "texture": "#0"},
				"up": {"uv": [9, 0, 16, 7], "texture": "#0"},
				"down": {"uv": [9, 9, 16, 16], "texture": "#0"}
			}
		},
		{
			"from": [4.5, 4, 4.5],
			"to": [10.5, 8, 10.5],
			"rotation": {"angle": 0, "axis": "y", "origin": [9, 12, 9]},
			"faces": {
				"north": {"uv": [1, 0, 7, 4], "texture": "#0"},
				"east": {"uv": [1, 0, 7, 4], "texture": "#0"},
				"south": {"uv": [1, 0, 7, 4], "texture": "#0"},
				"west": {"uv": [1, 0, 7, 4], "texture": "#0"},
				"up": {"uv": [0, 4, 6, 10], "texture": "#0"},
				"down": {"uv": [0, 0, 6, 6], "texture": "#0"}
			}
		},
		{
			"from": [6.5, 8, 6.5],
			"to": [8.5, 10, 8.5],
			"faces": {
				"north": {"uv": [9, 4, 7, 6], "texture": "#0"},
				"east": {"uv": [9, 8, 7, 6], "texture": "#0"},
				"south": {"uv": [7, 8, 9, 6], "texture": "#0"},
				"west": {"uv": [7, 4, 9, 6], "texture": "#0"},
				"up": {"uv": [7, 4, 9, 6], "texture": "#0"},
				"down": {"uv": [0, 0, 2, 2], "texture": "#0"}
			}
		}
	],
	"display": {
		"thirdperson_righthand": {
			"translation": [0, 12.75, 0.75],
			"scale": [1.65, 1.65, 1.65]
		},
		"gui": {
			"rotation": [-180, -70, 179.09],
			"translation": [-0.75, 3.9, 0],
			"scale": [1.3, 1.3, 1.1]
		},
		"head": {
			"rotation": [4.25, 0, 0],
			"translation": [1, 21.75, 2.75],
			"scale": [2.1, 2.1, 2.1]
		}
	}
}