{
	"credit": "Made with Blockbench",
	"textures": {
		"0": "custom/sombrero1",
		"1": "custom/sombrero2",
		"particle": "custom/sombrero1"
	},
	"elements": [
		{
			"from": [2, 0, 2],
			"to": [14, 1, 14],
			"rotation": {"angle": 0, "axis": "y", "origin": [6, 8, 10]},
			"faces": {
				"north": {"uv": [12, 3, 0, 4], "texture": "#1"},
				"east": {"uv": [12, 10, 0, 11], "texture": "#1"},
				"south": {"uv": [12, 4, 0, 5], "texture": "#1"},
				"west": {"uv": [12, 0, 0, 1], "texture": "#1"},
				"up": {"uv": [12, 0, 0, 12], "texture": "#0"},
				"down": {"uv": [12, 0, 0, 12], "texture": "#1"}
			}
		},
		{
			"from": [2, 1, 2],
			"to": [14, 2, 2],
			"rotation": {"angle": 0, "axis": "y", "origin": [11, 9, 10]},
			"faces": {
				"north": {"uv": [0, 2, 12, 3], "texture": "#1"},
				"east": {"uv": [0, 0, 0, 1], "texture": "#1"},
				"south": {"uv": [0, 14, 12, 15], "texture": "#1"},
				"west": {"uv": [0, 0, 0, 1], "texture": "#1"},
				"up": {"uv": [0, 0, 12, 0], "texture": "#1"},
				"down": {"uv": [0, 0, 12, 0], "texture": "#1"}
			}
		},
		{
			"from": [2, 1, 14],
			"to": [14, 2, 14],
			"rotation": {"angle": 0, "axis": "y", "origin": [11, 9, 22]},
			"faces": {
				"north": {"uv": [0, 14, 12, 15], "texture": "#1"},
				"east": {"uv": [0, 0, 0, 1], "texture": "#1"},
				"south": {"uv": [0, 6, 12, 7], "texture": "#1"},
				"west": {"uv": [0, 0, 0, 1], "texture": "#1"},
				"up": {"uv": [0, 0, 12, 0], "texture": "#1"},
				"down": {"uv": [0, 0, 12, 0], "texture": "#1"}
			}
		},
		{
			"from": [14, 1, 2],
			"to": [14, 2, 14],
			"rotation": {"angle": 0, "axis": "y", "origin": [11, 9, 22]},
			"faces": {
				"north": {"uv": [0, 0, 0, 1], "texture": "#1"},
				"east": {"uv": [0, 11, 12, 12], "texture": "#1"},
				"south": {"uv": [0, 0, 0, 1], "texture": "#1"},
				"west": {"uv": [0, 14, 12, 15], "texture": "#1"},
				"up": {"uv": [0, 0, 0, 12], "texture": "#1"},
				"down": {"uv": [0, 0, 0, 12], "texture": "#1"}
			}
		},
		{
			"from": [2, 1, 2],
			"to": [2, 2, 14],
			"rotation": {"angle": 0, "axis": "y", "origin": [-1, 9, 22]},
			"faces": {
				"north": {"uv": [0, 0, 0, 1], "texture": "#1"},
				"east": {"uv": [0, 14, 12, 15], "texture": "#1"},
				"south": {"uv": [0, 0, 0, 1], "texture": "#1"},
				"west": {"uv": [0, 1, 12, 2], "texture": "#1"},
				"up": {"uv": [0, 0, 0, 12], "texture": "#1"},
				"down": {"uv": [0, 0, 0, 12], "texture": "#1"}
			}
		},
		{
			"from": [5, 1, 5],
			"to": [11, 5, 11],
			"rotation": {"angle": 0, "axis": "y", "origin": [13, 9, 13]},
			"faces": {
				"north": {"uv": [0, 12, 6, 16], "texture": "#1"},
				"east": {"uv": [2, 12, 8, 16], "texture": "#1"},
				"south": {"uv": [5, 12, 11, 16], "texture": "#1"},
				"west": {"uv": [3, 12, 9, 16], "texture": "#1"},
				"up": {"uv": [0, 0, 6, 6], "texture": "#1"},
				"down": {"uv": [0, 0, 6, 6], "texture": "#1"}
			}
		}
	],
	"display": {
		"thirdperson_righthand": {
			"rotation": [-33.5, 0, 0],
			"translation": [0, 6.5, -3.5]
		},
		"thirdperson_lefthand": {
			"rotation": [-32.5, 0, 0],
			"translation": [0, 5.25, -4.25]
		},
		"firstperson_righthand": {
			"translation": [3, 5.75, 0]
		},
		"firstperson_lefthand": {
			"translation": [2.5, 6.25, 0]
		},
		"ground": {
			"translation": [0, 9, 0],
			"scale": [1.5, 1.5, 1.5]
		},
		"gui": {
			"rotation": [24.75, -42.5, 0],
			"translation": [0, 6.75, 0],
			"scale": [1.2, 1.2, 1.2]
		},
		"head": {
			"rotation": [14.75, 0, 0],
			"translation": [0, 20.5, 3.75],
			"scale": [2.45625, 2.37617, 2.48945]
		},
		"fixed": {
			"rotation": [-90, 0, 0],
			"translation": [0, 0.5, -22.5],
			"scale": [3, 3, 3]
		}
	}
}