{
	"credit": "Made with Blockbench",
	"textures": {
		"0": "custom/ice_cream1",
		"particle": "custom/ice_cream1"
	},
	"elements": [
		{
			"from": [8, 0, 5.5],
			"to": [8, 7, 10.5],
			"rotation": {"angle": 0, "axis": "y", "origin": [8, 8, 14]},
			"faces": {
				"north": {"uv": [0, 0, 0, 7], "texture": "#missing"},
				"east": {"uv": [0, 0, 5, 7], "texture": "#0"},
				"south": {"uv": [0, 0, 0, 7], "texture": "#missing"},
				"west": {"uv": [0, 0, 5, 7], "texture": "#0"},
				"up": {"uv": [0, 0, 0, 5], "texture": "#missing"},
				"down": {"uv": [0, 0, 0, 5], "texture": "#missing"}
			}
		},
		{
			"from": [5.5, 0, 8],
			"to": [10.5, 7, 8],
			"rotation": {"angle": 0, "axis": "y", "origin": [8, 3.5, 8]},
			"faces": {
				"north": {"uv": [0, 0, 5, 7], "texture": "#0"},
				"east": {"uv": [0, 0, 0, 7], "texture": "#missing"},
				"south": {"uv": [0, 0, 5, 7], "texture": "#0"},
				"west": {"uv": [0, 0, 0, 7], "texture": "#missing"},
				"up": {"uv": [0, 0, 0, 5], "rotation": 270, "texture": "#missing"},
				"down": {"uv": [0, 0, 0, 5], "rotation": 90, "texture": "#missing"}
			}
		},
		{
			"from": [6, 7, 6],
			"to": [10, 11, 10],
			"rotation": {"angle": -45, "axis": "y", "origin": [8, 9, 8]},
			"faces": {
				"north": {"uv": [5, 0, 9, 4], "texture": "#0"},
				"east": {"uv": [5, 0, 9, 4], "texture": "#0"},
				"south": {"uv": [5, 0, 9, 4], "texture": "#0"},
				"west": {"uv": [5, 0, 9, 4], "texture": "#0"},
				"up": {"uv": [5, 0, 9, 4], "texture": "#0"},
				"down": {"uv": [5, 0, 9, 4], "texture": "#0"}
			}
		}
	],
	"display": {
		"thirdperson_righthand": {
			"translation": [0, 4.25, -1]
		},
		"thirdperson_lefthand": {
			"translation": [0, 4.25, -1]
		},
		"firstperson_righthand": {
			"translation": [0, 4, 0]
		},
		"firstperson_lefthand": {
			"translation": [0, 4, 0]
		},
		"ground": {
			"translation": [0, 4.5, 0]
		},
		"gui": {
			"rotation": [0, 25, -133.5],
			"translation": [1.7, -2, 0],
			"scale": [1.35352, 1.50977, 1.5]
		},
		"head": {
			"rotation": [-173, -17.25, 13.25],
			"translation": [1.25, 8.25, 0.5],
			"scale": [2, 2, 2]
		},
		"fixed": {
			"rotation": [0.25, 0, 0],
			"translation": [0, 6, 0],
			"scale": [2.5, 2.5, 2.5]
		}
	}
}